Rank,TeamId,TeamName,LastSubmissionDate,Score,SubmissionCount,TeamMemberUserNames
1,16630516,"Seb (allegedly)","2026-08-07 11:38:45",3190.8,2,sebmallia
2,16663229,kakuteki,"2026-08-08 03:30:12",3153.5,2,kakuteki
3,16669403,mrgrishninsb,"2026-08-08 01:16:19",3150.8,2,mrgrishninsb
4,16672315,CemBas,"2026-08-08 05:30:03",3102.5,2,cembas
5,16665841,"Mohit Rao","2026-08-07 20:32:29",3092.9,2,vmohitrao
6,16660259,Marcus,"2026-08-08 03:09:35",3091.2,2,marcuseno
7,16667052,"Dandan Li","2026-08-08 02:07:53",3077.2,2,clcll532x
8,16671012,"Sean Zhang","2026-08-08 03:18:41",3043.4,2,seanzhang2445
9,16671174,Alexandre008,"2026-08-08 00:28:58",3037.0,2,alexandre008
10,16665596,chunhu666,"2026-08-08 05:36:17",3036.1,2,chunhu666
11,16669926,Jince,"2026-08-08 00:00:50",3032.5,2,jincesaju
12,16662492,"Lester Leong","2026-08-08 01:28:13",3031.4,2,lesterleong
13,16663668,"╰┈➤ˎˊ˗ www.sleepyai.org","2026-08-07 18:44:41",3029.9,2,tahsinarafat
14,16667124,"Chaotic Era","2026-08-08 01:16:39",3026.2,2,sani84
15,16685047,Yvonne.,"2026-08-08 05:40:05",3021.5,2,zdawer250
16,16661667,"Wufang Hong","2026-08-07 19:42:02",3019.6,2,wufanghong
17,16657494,Trex,"2026-08-08 01:11:34",3009.3,2,trexzone
18,16667479,"Leon Christians","2026-08-07 18:37:33",3006.7,2,leonchristians
19,16669191,"Mohammed Nomaan","2026-08-07 11:47:43",3002.6,2,nomaanz
20,16656807,Yoganjaneyulu,"2026-08-08 06:42:19",2998.3,2,yoganjaneyulu
21,16631752,"Junichiro Morita","2026-08-08 02:35:54",2996.6,2,junichiromorita
22,16651244,"Knight of Favonius","2026-08-07 19:15:29",2995.3,2,ladyfaye
23,16639565,yasu,"2026-08-07 20:22:53",2993.1,2,yasutakababa
24,16670276,"Egor Trushin","2026-08-07 17:07:18",2990.1,2,egortrushin
25,16683036,"Ritesh Thawkar","2026-08-07 13:28:50",2989.3,2,riteshthawkar
26,16655766,前衛,"2026-08-07 18:49:49",2988.6,2,"atharvranjan,shreyasgandhe,siddharth9077"
27,16663313,onlysmrtsumx,"2026-08-07 08:38:35",2980.8,2,onlysmrtsumx
28,16657290,lol-hiker,"2026-08-07 09:16:57",2979.4,2,lolhiker
29,16658287,ArturoSirvent,"2026-08-07 19:58:28",2979.0,2,arturosirvent
30,16682353,"counter puncher","2026-08-08 00:01:18",2978.5,2,ahmadabdoumalickdiop
31,16653262,"tianwen zhang1","2026-08-07 10:15:00",2974.3,2,tianwenzhang1
32,16685950,"Sasha Turutin","2026-08-07 16:53:10",2973.0,2,alturutin
33,16623152,"Ibad Ur Rahman","2026-08-07 21:15:56",2972.7,2,ibadia
34,16675671,"MMM Abbie","2026-08-08 04:16:13",2971.5,2,kchuang
35,16683199,"Filippo Gombac","2026-08-07 22:34:57",2971.1,2,filippogombac
36,16663928,Auxileon,"2026-08-08 04:06:20",2968.3,2,auxileon
37,16674744,"Burhan Ul Tayyab","2026-08-07 10:50:53",2966.3,2,babychick
38,16670433,"Mohammad Osamah Atif","2026-08-07 10:24:54",2965.0,2,osamatif
39,16681986,"Chirantan Bhardwaj","2026-08-07 10:07:52",2963.8,1,chirantanbhardwaj
40,16672202,HealthStone,"2026-08-08 06:14:19",2963.6,2,healthstone
41,16654585,"David Pedersen","2026-08-08 04:39:27",2963.6,2,semalytics
42,16631460,Kosuke.T,"2026-08-08 00:43:08",2962.4,2,kosuke1992
43,16674839,"hongqian miao","2026-08-08 04:19:03",2958.8,2,hongqianmiao
44,16679347,"Youssef EL MSIYAH","2026-08-07 14:52:49",2956.6,2,youssefelmsiyah
45,16670058,"Dahoui Alex Armel ","2026-08-07 01:02:07",2955.4,2,dahouialexarmel
46,16680065,Vishodhan,"2026-08-07 22:24:07",2949.6,2,vishodhan
47,16684045,zekenoe,"2026-08-07 13:20:21",2946.9,2,zekenos
48,16657100,"Jacky Chan","2026-08-07 19:05:30",2941.9,2,jhkchan
49,16664573,AdhithyaRokhith,"2026-08-08 06:41:14",2941.5,2,adhithyarokhith
50,16678534,"Filip Strzałka","2026-08-07 13:10:35",2938.9,2,snufkin77
51,16678930,"Just a moroccan","2026-08-06 20:53:13",2937.4,1,zbidaamine
52,16654742,"Aastik Rajan15","2026-08-07 02:20:08",2936.6,2,aastikrajan15
53,16629685,mikelou1,"2026-08-08 04:59:35",2921.8,2,mikelou1
54,16630441,"yjhv buddies","2026-08-07 09:50:05",2920.2,2,bender1123123
55,16632444,"Issac “Izreal” Davis","2026-08-08 01:06:18",2918.9,2,issacizrealdavis
56,16665125,"David Schindler15","2026-08-06 19:07:24",2917.8,2,"davidschindler15,mz3207"
57,16635314,"Aurora wy","2026-08-08 05:24:06",2912.5,2,aurorawy
58,16621355,Raiden.B,"2026-08-07 10:00:06",2907.7,2,raidenb
59,16658038,Khanh,"2026-08-08 03:38:10",2907.4,2,khanhp142
60,16669930,"Ilya Klimanov","2026-08-07 01:46:03",2907.2,2,ilyaklimanov
61,16659996,Schwifty,"2026-08-07 18:29:45",2906.9,2,schwiftyc137
62,16629624,"Sayandeep Ghosh","2026-08-07 21:55:17",2904.6,2,sayandeepghosh
63,16639800,"Yong Ming-Jia","2026-08-07 16:10:46",2901.2,2,ymingj
64,16649313,"Jiajun HAN","2026-08-06 22:23:06",2897.2,2,jiajun1
65,16657825,MilanJoshi,"2026-08-07 06:57:22",2895.8,2,mlnjsh
66,16659395,HyperX,"2026-08-07 21:40:42",2892.6,2,"diversedharun,harishinkaggle"
67,16634468,"Kun Zhang","2026-08-08 02:13:53",2891.6,2,beicicc
68,16682867,sneaky6767,"2026-08-08 00:15:54",2890.3,2,sneaky6767
69,16659123,sd,"2026-08-07 18:24:57",2889.2,2,siddharthadevkota
70,16668157,"vineet dairashri","2026-08-07 22:26:50",2888.9,2,vineetdairashri
71,16634143,"manual player","2026-08-08 03:35:44",2886.4,2,prospal
72,16655076,"Tita Kongolo","2026-08-07 05:43:17",2886.1,2,titakongolo
73,16663252,"MD Concepcion","2026-08-07 16:16:19",2883.8,2,mikedconcepcion
74,16657796,"parv goyal2","2026-08-07 14:20:03",2883.2,2,parvgoyal2
75,16633043,"Ryan Adams","2026-08-07 13:11:58",2878.7,2,ryanadamsai
76,16655789,"wen chong yu","2026-08-07 14:04:08",2874.2,2,wenchongyu
77,16655277,GUAM,"2026-08-08 00:27:37",2873.9,2,"jeongminlee92,kmmmvs"
78,16623559,DECEM,"2026-08-07 04:49:47",2873.6,2,zy1343930734
79,16670117,"Raj Aryan","2026-08-07 18:15:04",2867.4,2,rajaryan2503
80,16624645,MistaHobbist,"2026-08-07 06:08:31",2865.8,2,hobbisttech
81,16659081,"JALKARNA GAUTAM","2026-08-07 18:36:41",2857.8,2,jalkarnagautam
82,16635781,wacata,"2026-08-07 07:25:14",2855.4,2,wacata
83,16654783,quantara.cv,"2026-08-07 09:59:32",2853.9,2,goth55
84,16673002,xubenzheng,"2026-08-07 15:40:31",2853.5,2,xubenzheng
85,16671403,"Alex Karpowicz","2026-08-08 01:11:27",2852.0,2,alexkarpowicz
86,16660121,22307110257-张扬,"2026-08-07 06:08:13",2849.5,2,meredith10pi
87,16672371,Loren-wen,"2026-08-07 01:41:41",2847.8,2,wofusituerte
88,16621831,"Tsung-Yeh, Hsieh","2026-08-08 03:34:26",2846.2,2,"tsungyehhsieh,xinyuloong"
89,16675655,TrebolNoir_,"2026-08-08 00:45:16",2843.8,2,trebolnoir
90,16668630,Keito,"2026-08-08 05:10:39",2843.4,2,keitookamoto
91,16662833,"umair zia","2026-08-07 10:59:35",2842.3,2,aimerscoding
92,16622376,fmind,"2026-08-06 18:35:48",2841.8,2,freaxmind
93,16672997,"Francesco Montone","2026-08-07 11:21:11",2840.0,2,francescomontone
94,16659585,"Anas Riaz","2026-08-06 21:45:51",2839.2,2,anasriaz
95,16623608,"Dmitry Larko","2026-08-07 23:34:43",2839.1,2,dmitrylarko
96,16624919,"Juste Me (●'◡'●)","2026-08-06 21:07:03",2838.8,2,degnonguidi
97,16652750,"Bahadir Selim Bakla ","2026-08-07 20:49:46",2836.1,2,bahadirselimbakla
98,16634174,phibkro,"2026-08-07 03:10:52",2835.4,2,phibkro
99,16663969,"Aarush Kute","2026-08-07 13:59:31",2835.1,2,aarushkute
100,16674881,"Saisree Dhanasekaran","2026-08-07 12:26:42",2834.8,2,saisreedhanasekaran
101,16652900,cjen07,"2026-08-07 23:33:05",2834.6,2,cjen07
102,16666977,"Tagir Analyzes","2026-08-07 17:50:35",2831.9,2,tagirkhairutdinov
103,16632715,cmasch,"2026-08-08 05:58:00",2831.8,2,cmasch
104,16655156,"Pranjal Ranjan","2026-08-06 23:58:43",2829.3,2,pranjalranjan299
105,16676336,lemon13418,"2026-08-08 00:54:07",2827.5,2,lemon13418
106,16670524,"Nat Bel ML Fun","2026-08-07 22:47:09",2824.7,2,natbel4ml
107,16654710,"Ray Brothers","2026-08-08 03:57:11",2824.2,2,"madhurjyaray,vibekodr"
108,16669711,"Anton Shaniuk","2026-08-07 14:17:21",2822.0,2,antonshaniuk
109,16627600,Nat00,"2026-08-07 04:14:58",2821.3,2,natliablascoandreo
110,16675088,"Andrei Chulkov","2026-08-07 16:51:38",2821.0,2,andreichulkov
111,16676321,"tao wu11","2026-08-08 01:22:12",2820.5,2,"taowu11,xujchill"
112,16657861,"Liao Zixu","2026-08-07 02:36:07",2820.4,2,liaozixu
113,16673191,juliye,"2026-08-07 05:54:05",2819.3,2,juliye
114,16642570,"Mathurin Ache","2026-08-07 06:14:32",2816.9,2,mathurinache
115,16679810,"Patrick Joël MAIRLOT-MBEZELE","2026-08-07 10:35:31",2815.7,2,pigenesis75
116,16631536,kglctf,"2026-08-07 03:40:31",2813.2,2,kglctf
117,16660483,TIM,"2026-08-07 23:50:10",2812.3,2,daynoryamil
118,16623381,cocoaAI,"2026-08-07 11:29:38",2811.4,2,cocoaai
119,16668564,"Rikito Kanda","2026-08-07 10:11:04",2811.3,2,rikitokanda
120,16658248,"Aaweg Bhaladhare","2026-08-07 16:05:44",2810.9,2,aawegbhaladhare
121,16660220,tomo11111,"2026-08-07 00:03:50",2810.1,2,tomo11111
122,16655686,Kyle,"2026-08-08 02:03:34",2810.0,2,kylezhouzhou
123,16660371,"José Luis Gómezz","2026-08-08 04:10:14",2807.7,2,josluisgmezz
124,16624979,"Mohamed abdelrazik","2026-08-08 06:44:00",2805.0,2,mohamed3abdelrazik
125,16623309,zyvren,"2026-08-06 23:18:00",2804.4,2,sharif485
126,16621168,FOYSAL,"2026-08-06 23:45:35",2799.2,2,foysalemonshanto
127,16625060,"Subin An","2026-08-08 01:06:35",2799.2,2,subinium
128,16637597,venks,"2026-08-08 01:24:33",2799.1,2,vterli
129,16665935,eternitywinner,"2026-08-07 08:03:12",2797.6,2,eternitywinner
130,16670569,Ezzzzzekki,"2026-08-08 04:18:29",2796.4,2,abdullahelzeki
131,16654881,Freddy,"2026-08-07 17:49:56",2792.7,2,twoxding
132,16668788,ConnieCodes,"2026-08-07 23:10:52",2791.1,2,conniecodes
133,16680075,I_luv_magick,"2026-08-07 09:50:30",2790.0,2,iluvmagick
134,16633226,test_money,"2026-08-07 11:27:16",2789.8,2,michaelsemenoff
135,16626839,"Roman Rozen","2026-08-07 00:09:43",2785.5,2,romanrozen
136,16662949,"Will English","2026-08-07 20:26:15",2784.1,2,dubascudes
137,16661362,BEETRiX🦋,"2026-08-06 17:44:51",2781.3,2,johannaleighdeley
138,16645203,easonyanyan,"2026-08-08 02:11:37",2780.6,2,easonyanyan
139,16675344,Azelearn,"2026-08-07 14:12:24",2779.4,2,androidss
140,16658499,Grifun,"2026-08-07 09:03:39",2778.7,2,msingatullin
141,16664283,"Nguyễn Hữu Công","2026-08-07 05:24:48",2778.7,2,nguynhucng
142,16674919,yukiZ,"2026-08-07 04:47:42",2778.3,2,hideyukizushi
143,16685763,"koren sabag","2026-08-07 22:24:54",2776.0,2,korensabag
144,16659215,"Zhizhou Sha","2026-08-08 07:02:17",2775.7,2,zhizhousha
145,16651695,"Koushik Rudra","2026-08-07 04:03:31",2775.4,2,koushikrudra
146,16662121,"Indar Karhana","2026-08-07 20:00:10",2774.4,2,indarkarhana
147,16682183,lihaha.36,"2026-08-08 06:35:47",2772.5,2,lihaha36
148,16626203,"Manish Kumar Maurya","2026-08-07 05:40:50",2771.3,2,manishkumarmaurya11
149,16625472,"luna is free！","2026-08-07 11:56:09",2766.3,2,simingtan
150,16635747,"Jeki Wan Taufik","2026-08-07 12:24:08",2765.4,2,jek1wantaufik
151,16626093,"Pilkwang Kim","2026-08-07 02:24:50",2762.7,2,pilkwang
152,16637919,NoOneAhead,"2026-08-07 05:12:50",2758.1,2,jerrlu
153,16664242,"Alex Lee","2026-08-08 05:03:58",2756.1,2,aiexanderr
154,16634179,daoviet,"2026-08-08 04:11:55",2755.0,2,daoviet
155,16669856,StrugglerK,"2026-08-08 02:24:05",2752.1,2,muhammedkaanlker
156,16671844,I2nfinit3y,"2026-08-07 02:27:10",2751.7,2,i2nfinit3y
157,16665337,BHackers,"2026-08-08 03:38:21",2751.3,2,clarencepagaduan
158,16651088,ych~sun,"2026-08-07 03:19:42",2750.6,2,ychsun
159,16676275,Scorpi,"2026-08-08 03:28:49",2748.4,2,scorpi
160,16660281,"xiy lin","2026-08-08 06:19:30",2746.6,2,xiylin
161,16653199,Koba,"2026-08-07 09:06:33",2744.5,2,zone0906
162,16662730,Operator-X,"2026-08-07 10:40:19",2744.4,2,"jpexee,lavlinjaisonme23b250"
163,16656118,Mutte1904,"2026-08-07 05:03:56",2742.6,2,mutte1904
164,16684762,X-xuhui,"2026-08-08 02:28:46",2741.5,2,xxuhui
165,16658803,"Rahul Jiwane","2026-08-07 03:27:52",2740.6,2,rahuljiwane
166,16631665,"jatan sanghvi","2026-08-07 06:10:48",2739.8,2,jatansanghvi
167,16680967,Tyooughtul,"2026-08-08 06:28:46",2738.7,2,yooughtul
168,16673131,"Arfin Mustofa","2026-08-08 07:07:39",2734.3,2,arfinmustofa
169,16621590,Yaroslav,"2026-08-06 14:41:18",2730.7,2,yaroslavrogoza
170,16674353,"Lakshmanan R","2026-08-08 07:12:08",2727.9,2,lakshmanankumar02
171,16678618,"Manu Nicholas Jacob","2026-08-08 00:29:38",2727.5,2,manunicholasjacob
172,16623799,"Akhilesh godugu","2026-08-08 02:44:32",2727.3,2,"akhileshgodugu,ashokgodugu"
173,16663783,WBF_USA_NYC,"2026-08-08 03:29:06",2726.8,2,wbfranci
174,16671376,LittleSweet,"2026-08-08 04:51:25",2722.7,2,yukieja
175,16655335,Justus,"2026-08-08 03:28:36",2722.1,2,justus0
176,16623745,chunluran,"2026-08-07 10:58:57",2720.9,2,chunluran
177,16659776,"Ben Hamilton","2026-08-06 23:26:44",2720.2,2,kineticaxisstudio
178,16664120,SaiDuttaAbhishekDash,"2026-08-07 11:26:41",2717.9,2,saiduttaabhishekdash
179,16653890,YUKRUB,"2026-08-08 07:10:52",2716.9,2,yukrub
180,16659467,AlexMoura2023,"2026-08-08 02:44:33",2716.0,2,alexmoura2023
181,16660215,"YoungDSML [dsml.kz]","2026-08-06 16:29:33",2714.7,2,"mazgas,nurikw3"
182,16674479,"Alan Rosston","2026-08-07 08:34:52",2714.1,2,alanrosston
183,16623920,"Kazuta MIZUTA","2026-08-07 03:22:25",2714.1,2,kazutamizuta
184,16663264,Adarsh,"2026-08-07 07:00:10",2711.6,2,madarshbb
185,16656776,ShaoCharles,"2026-08-08 02:26:40",2711.0,2,shaocharles
186,16623459,"Peng Wang","2026-08-07 11:39:36",2708.0,2,pengwang91
187,16670406,"jessica jennifer","2026-08-07 17:47:34",2707.4,2,jessicajennifer
188,16672530,GUGUGAGA,"2026-08-08 01:25:08",2707.0,2,"ruiyangzhang23,taoguo079"
189,16657941,"Nick Styles","2026-08-07 22:37:44",2706.6,2,styles
190,16677399,lyts,"2026-08-07 17:11:16",2703.8,2,lytsyyds
191,16661039,GiovanniCR,"2026-08-08 00:04:46",2703.4,2,giovannicr
192,16682879,"Patrick Chan","2026-08-07 18:49:08",2703.3,2,drpatrickchan
193,16638375,"Tran H Hoang","2026-08-08 01:10:57",2701.2,2,tranhhoang
194,16632612,Farmville,"2026-08-07 16:12:32",2694.7,2,rafaelfigueiredo13
195,16641548,"Devaansh Pathak","2026-08-08 02:51:31",2694.0,2,devaanshpa
196,16682514,"Pavel Pavlov","2026-08-07 06:45:06",2692.0,1,akakii
197,16655704,heinado,"2026-08-07 07:13:57",2690.5,2,heinado
198,16638804,"Anhad Mahajan","2026-08-07 12:23:22",2690.4,2,anhadmahajan06
199,16622349,"Mengfei Li","2026-08-08 05:39:19",2689.4,2,meli19
200,16623368,"Evgeniy Veselkov","2026-08-08 00:30:06",2685.2,2,evgeniyveselkov
201,16669490,hinemos,"2026-08-07 23:51:24",2684.7,2,hinemos
202,16634765,democatXamer,"2026-08-07 22:35:56",2682.7,2,w1326627677
203,16678172,"Eishkaran Singh","2026-08-07 10:04:07",2682.5,2,eishkaran
204,16656316,"Richard Tang","2026-08-08 06:40:47",2679.9,2,richardgtang
205,16660678,"Chaitanya Sonaje","2026-08-07 13:16:58",2679.8,2,chaitanya205
206,16623875,"Pavlo Ivanin","2026-08-07 01:38:09",2672.8,2,pavloivanin
207,16654379,"Sebastian Mateus","2026-08-07 17:29:07",2671.5,2,sebastianmateus
208,16677423,songling,"2026-08-07 04:40:43",2670.3,1,"lvbingrong,oralia"
209,16668700,"Pranshu Ghori","2026-08-06 20:24:22",2666.8,2,pranshughori
210,16673370,JeovaAnderson,"2026-08-07 15:34:17",2666.1,2,jeovaanderson
211,16657598,"Arun Mallikarjuna","2026-08-07 11:42:21",2666.0,2,arunmallikarjuna
212,16677217,Panos,"2026-08-07 07:03:32",2664.5,2,panosc
213,16673179,"Muhammad Faraz Aftab","2026-08-07 08:15:52",2659.5,2,muhammadfarazaftab
214,16672136,chupaletas,"2026-08-07 05:31:28",2658.9,2,urvesh
215,16624309,jjamppongmandu,"2026-08-07 05:57:56",2658.7,2,"beckspeca,hihiimj,jjamppongmandu"
216,16655478,Bruce,"2026-08-07 13:35:39",2658.3,2,bruceqdu
217,16665233,"Akash Deep","2026-08-06 15:20:56",2655.2,2,akashdeepo
218,16663515,HamsterSashka,"2026-08-08 02:51:39",2654.7,2,hamstersashka
219,16684639,Bru3ll,"2026-08-07 22:08:53",2649.4,2,bru3ll
220,16660488,tehyoni,"2026-08-07 11:57:17",2648.8,2,"gooberdambi,sidcat,suaeng,tehyoni"
221,16675305,"Justin Sabu Sebastian","2026-08-07 12:45:39",2647.9,2,justinsabusebastian
222,16682753,"Cam-Luan Truong","2026-08-07 07:11:09",2645.8,1,luantruong
223,16621741,"Andrey Naymushin","2026-08-07 10:38:23",2643.3,2,andrewsokolovsky
224,16639520,"Cary Jin","2026-08-07 13:26:45",2640.7,2,strigiformes
225,16657594,"Wojciech Krasowski","2026-08-07 11:21:03",2639.0,2,ci3l4k
226,16652710,Ryutogrrr,"2026-08-07 02:18:07",2638.6,2,ryutogrrr
227,16676280,agniii,"2026-08-06 17:05:08",2637.1,2,agniii
228,16655559,"Fajri Yanuar Shiddiq Juanda","2026-08-06 23:57:41",2635.2,2,fajriyanuar
229,16682210,Boiled-Sweet-Potato,"2026-08-07 06:09:46",2634.3,2,boiledsweetpotato
230,16651052,lty,"2026-08-07 02:45:54",2633.6,2,linwei9
231,16655179,"I Need an Internship","2026-08-08 06:51:00",2633.2,2,dimasibnumuthi
232,16659771,DieByTheSword,"2026-08-07 10:14:29",2632.3,2,przemysawstroiws
233,16626272,"ömer kiraz","2026-08-07 11:02:53",2631.9,2,merkiraz
234,16669608,"Jesy Lu","2026-08-07 14:45:41",2629.5,2,jesylu
235,16669491,"Parakh Sharma","2026-08-06 10:59:33",2629.0,2,parakh20
236,16676193,"Akira Hirohashi","2026-08-07 14:00:23",2628.4,2,akirahirohashi
237,16684470,"Soumi Ghosh","2026-08-07 14:08:24",2628.0,2,soumighosh911
238,16621315,"Reyhan Ksatria","2026-08-07 06:49:08",2626.8,2,reyhanksatria
239,16654995,"Artem Voronov","2026-08-08 06:31:01",2626.6,2,artemyvoronov
240,16668783,Zyy7390,"2026-08-07 12:53:41",2625.1,2,"tigerrrrrr,zyy7390"
241,16671372,"Meet Sabhaya","2026-08-08 06:02:13",2625.0,2,meetsabhaya
242,16656432,"CornHub Premium","2026-08-08 01:14:21",2624.0,2,nihilisticneuralnet
243,16659820,Accayo14,"2026-08-06 14:20:30",2622.1,2,accayo14
244,16658044,"Roshan Singh","2026-08-06 07:13:38",2621.9,2,roshanavadheshsingh
245,16679688,"Sathwik Chinthakayala","2026-08-07 02:01:44",2618.7,2,sathwikchinthakayala
246,16662051,"Salem Ali","2026-08-07 19:28:40",2617.2,2,salemali7
247,16633688,Ryo,"2026-08-08 07:10:46",2616.1,2,ryosukekurakami
248,16659763,clarkzhang1031,"2026-08-07 08:52:58",2612.7,2,"clarkzhang1031,huafeihuang"
249,16686424,"Thần Thoại","2026-08-07 17:52:10",2610.9,1,thanthoai
250,16658025,"Dennis Gioche","2026-08-06 09:08:34",2606.5,2,dennisgioche
251,16663166,Rey4Dan,"2026-08-07 18:42:00",2605.6,2,rey4dan
252,16654626,bgsszsa,"2026-08-07 12:01:33",2605.0,2,bgsszsa
253,16687479,kowalskii,"2026-08-08 06:33:00",2602.5,2,anirudhkumaraheer
254,16683439,"Kong Zhi Syuen","2026-08-08 07:06:23",2600.9,2,kongzhisyuen
255,16659692,"Hùng Nguyễn Huy (Hiirooo)","2026-08-08 01:29:28",2594.1,2,hngnguynhuy
256,16687068,digiliwigili,"2026-08-07 18:17:45",2593.3,2,kukchyievervin
257,16665214,Epiphany_Thu,"2026-08-06 12:08:13",2592.8,2,epiphanythu
258,16670715,i3,"2026-08-08 07:03:50",2592.4,2,ishijima
259,16654122,"Peter Thompson","2026-08-07 17:33:44",2590.6,2,mightytreefolk
260,16655383,MtN,"2026-08-08 03:01:33",2590.3,2,mariotrsn
261,16653208,FabienDaniel,"2026-08-07 10:17:38",2589.4,2,fabiendaniel
262,16679519,"Петьо Лазаров","2026-08-08 06:22:07",2587.4,2,pesosz
263,16665416,"zeyu lau","2026-08-08 05:47:14",2585.2,2,zeyulau
264,16665561,LuoXingda,"2026-08-07 08:22:42",2579.4,2,luoxingda
265,16669518,Galagala,"2026-08-07 18:35:59",2577.3,2,b12705059
266,16665654,"Anurag H H","2026-08-07 05:09:02",2576.8,2,anur4ghh
267,16665809,"Saravanan Jaichandaran","2026-08-06 18:45:08",2572.6,2,saranchandar
268,16660268,"Sébastien Mametz (Pixs)","2026-08-07 20:48:00",2572.5,2,sbastienmametzpixs
269,16641982,ZotAZaw3,"2026-08-07 10:53:53",2571.1,2,zotazaw3
270,16641169,boatlee,"2026-08-08 07:01:09",2571.1,2,boatlee
271,16644578,Chloe,"2026-08-08 02:30:28",2568.7,2,baytree1238
272,16626979,"Soobin An","2026-08-06 03:34:21",2566.3,2,myotterspace
273,16642579,"Desyat IO","2026-08-06 16:57:32",2565.9,2,desyatio
274,16633341,Hak,"2026-08-06 20:15:56",2563.1,2,hakdevelopment
275,16634952,"Igor Zharov","2026-08-07 14:58:45",2561.0,2,flexonafft
276,16632675,"Baran Kucuk","2026-08-07 00:31:25",2560.5,2,barankucuk
277,16683936,Cyrus,"2026-08-07 09:42:55",2559.8,2,jamalsaeedi
278,16626582,"Omer Faruk Merey","2026-08-06 10:59:47",2554.8,1,omerfarukmerey
279,16635029,"Oleg Melnik","2026-08-06 14:31:54",2551.2,2,olegmelnik
280,16681049,"SiLin “Can SiLin” Can","2026-08-08 02:38:07",2549.1,2,silincansilincan
281,16664751,"Cindy Meng90","2026-08-07 05:04:05",2548.3,2,cindymeng90
282,16683909,"Krzysztof ""Chris"" Karaszewski","2026-08-07 21:41:10",2547.6,2,futureofworkchannel
283,16665129,Doom,"2026-08-07 11:32:38",2547.0,2,"mr6436,sanskaarundale"
284,16643554,"Arnie Jimenez","2026-08-06 14:40:52",2546.1,2,arniejimenez
285,16657646,mountainbob,"2026-08-06 15:03:03",2544.0,2,shongpakmanoon
286,16667843,"durgesh dere","2026-08-07 07:01:38",2542.9,2,durgeshdere08
287,16660333,"Deanos Crew","2026-08-08 00:49:01",2536.9,2,jamescole0101
288,16669038,"Nabeel Shar","2026-08-07 13:27:42",2536.5,2,nabeelshar
289,16639871,"Aura Farming","2026-08-06 11:39:31",2532.6,2,gauthieravite
290,16630825,"Shuhan Yang","2026-08-08 04:12:01",2532.2,2,"asherjyd,qizhiran,yukundu231100"
291,16623798,RuiKimura4,"2026-08-08 04:11:01",2531.7,2,ruikimura4
292,16658245,ziliangCok,"2026-08-06 07:36:04",2530.9,2,ziliangcok
293,16670202,"Elizabeth Park","2026-08-08 02:54:07",2524.7,2,elizabethpark
294,16668227,Yusuraume,"2026-08-06 12:59:27",2521.4,2,sugitatomohiko
295,16663929,"Erman Man","2026-08-06 17:17:06",2516.8,2,ermanman
296,16629165,lingyu07,"2026-08-07 11:26:39",2514.9,2,lingyu07
297,16665500,"Madan kumar","2026-08-08 00:44:59",2514.0,2,winklemad
298,16637546,Forrest,"2026-08-07 12:44:34",2513.6,2,yinxiaogang
299,16626332,"MD. Nazmus Sakib Anik","2026-08-07 16:30:14",2512.2,2,beyondlogic
300,16640785,"syouya tobita","2026-08-06 08:26:04",2512.0,2,syouyatobita
301,16622509,Ali,"2026-08-08 07:07:28",2508.8,2,asalhi
302,16669256,Shivam_2212,"2026-08-08 05:01:22",2508.5,2,shivam2212
303,16659679,Civitasmass,"2026-08-06 10:53:16",2507.2,2,godhand
304,16660091,bcTiann,"2026-08-06 05:55:54",2505.5,2,bctiann
305,16671588,Keisuke,"2026-08-08 01:10:30",2502.0,2,keisukeueda
306,16664379,N_Matsumoto24,"2026-08-07 08:45:35",2499.8,2,nmatsumoto24
307,16655379,Ikeda0516,"2026-08-07 15:47:16",2497.6,2,ikeda0516
308,16668545,Ronty00,"2026-08-06 08:24:07",2497.5,2,ronty00
309,16634078,"yoho kumedayo","2026-08-07 05:54:00",2497.4,2,dorachinyastyle
310,16655519,CurveCowboy,"2026-08-06 09:36:15",2494.5,2,curvecowboy
311,16623805,"Howon Kang","2026-08-08 05:13:14",2493.9,2,howonkang
312,16653939,"Amr Yasser","2026-08-06 17:56:07",2490.7,2,amryasswe
313,16655912,sssskilo,"2026-08-07 09:54:24",2490.2,2,wellkilo
314,16632867,"Rayk Kretzschmar","2026-08-06 21:10:56",2488.8,2,raykkretzschmar
315,16669971,"Luka Philip","2026-08-06 14:49:27",2488.7,2,lukaphilip
316,16664252,"Huy Hoang","2026-08-06 07:37:05",2486.7,2,themeend
317,16672033,"Mohan Prasath P","2026-08-08 05:14:52",2480.5,2,mohanprasath21
318,16682195,celefefwefwe1,"2026-08-08 05:29:23",2480.0,2,celefefwefwe1
319,16622034,"Aryan Yadav","2026-08-06 20:18:10",2479.7,2,simplexcomplex
320,16621063,"Aikyatan Sinha","2026-08-07 16:53:10",2478.5,2,aikyatansinha
321,16625908,trantrikien239,"2026-08-06 04:32:29",2477.4,2,trantrikien239
322,16683865,Shin7jp,"2026-08-07 09:43:46",2475.1,2,shin7jp
323,16677252,カワシギ,"2026-08-08 05:52:56",2473.5,2,kawashigi
324,16630675,"Lucien de Rubempre","2026-08-07 20:21:34",2472.5,2,lucienderubempre
325,16681065,SYC,"2026-08-07 03:22:25",2471.4,1,yichengs
326,16653085,"haoran huang430","2026-08-06 02:37:22",2470.5,2,haoranhuang430
327,16670040,galaxyhunter,"2026-08-06 22:54:27",2468.9,2,pkharkwal
328,16664232,"Eddy Despradel","2026-08-06 04:33:12",2468.8,2,eddydespradel
329,16627032,"Kaito Fukami","2026-08-07 15:58:56",2468.6,2,kaitofukami
330,16667606,Manifolds1,"2026-08-06 16:36:46",2468.3,2,ptrakuldit
331,16667714,ZhexinJiang,"2026-08-06 11:26:30",2463.8,1,zhexinjiang
332,16667091,"Nico Feiler","2026-08-07 14:27:47",2463.8,2,nicofeiler
333,16654042,B.Pushpanjali,"2026-08-07 17:09:02",2463.1,2,"bpushpanjali,vinithwade"
334,16634432,KARGI,"2026-08-06 07:41:04",2460.5,2,learningkin
335,16624977,Avikumar93801,"2026-08-06 10:59:17",2457.0,2,avikumar93801
336,16665431,"Monojit Nandy","2026-08-06 11:50:38",2451.0,2,vedarthmn
337,16644229,"Amy Yuan","2026-08-06 17:02:39",2450.9,2,cozytato
338,16656810,IskanderAkhmetov,"2026-08-08 04:27:11",2450.1,2,iskander2017
339,16624893,"GURU Prasaatha S","2026-08-07 15:39:38",2447.3,2,guruprasaathas111
340,16665702,"Aman Gupta","2026-08-06 08:09:05",2447.0,2,amangupta0014
341,16660209,"Whyme Labs","2026-08-07 04:45:53",2445.8,2,whymelabs
342,16632446,"Abdul Wahab Khan","2026-08-06 04:53:37",2443.4,1,abdulwahab2321
343,16630804,"Emre Cirak","2026-08-07 07:27:32",2442.3,2,biohack44
344,16662718,xlnt,"2026-08-07 07:57:33",2441.4,2,"princebisht,xlnt404"
345,16668029,Timbo615,"2026-08-07 11:56:21",2441.2,2,timbo615
346,16635890,Poojan,"2026-08-06 09:44:47",2440.6,2,poojankumartandel
347,16653855,"Klgv Klgv","2026-08-06 11:54:38",2440.4,2,klgvklgv
348,16667731,"Agent 33","2026-08-07 21:42:35",2439.8,2,agent33
349,16663946,Circiumaru,"2026-08-08 06:49:22",2436.2,2,"circiumaru,dulgherustefan,radugoga"
350,16657803,"Arya Mazloomi","2026-08-06 17:16:14",2436.1,2,aryamazloomi
351,16672767,"FasterYouChase FasterIRun","2026-08-06 06:35:40",2431.2,1,icoguser
352,16675340,"SHAURYA SHARMA","2026-08-08 06:57:18",2427.5,2,shauryas555
353,16657091,raw2clean,"2026-08-06 09:15:01",2425.6,2,raw2clean
354,16661934,"Viacheslav Kasatkin","2026-08-07 15:09:17",2425.4,2,viacheslavkasatkin
355,16643922,Konstantin03,"2026-08-07 13:37:54",2424.6,2,konstantin03
356,16621515,"Alexander Gremyakov","2026-08-08 01:50:18",2423.7,2,alexandergremyakov
357,16685450,Nadeem,"2026-08-07 14:01:19",2423.6,1,nadeembinshajahan
358,16671520,sci-shi,"2026-08-08 01:38:55",2423.0,2,scishi
359,16664164,"Elzandi Irfan Zikra","2026-08-07 15:27:03",2418.8,2,zangetsufuin
360,16678506,SireeshLimbu,"2026-08-07 18:00:28",2417.2,2,sireesh
361,16672579,"Udbhaw Anand","2026-08-06 15:09:26",2414.8,2,udbhawanand
362,16622919,Waffle,"2026-08-08 02:42:46",2413.5,2,waffle3z
363,16643233,"Marco DG","2026-08-07 10:04:39",2412.9,2,marcodg
364,16627472,CloverFarm,"2026-08-08 07:06:47",2412.7,2,ljs2546
365,16656941,"Winter Lamb","2026-08-07 08:47:47",2411.0,2,fabiansyahcahyo
366,16636079,"Pawan Rama Mali","2026-08-08 06:58:39",2410.3,2,pawanmali
367,16658343,aisamhottman,"2026-08-07 10:10:54",2405.9,2,heuingttiang
368,16621075,"Octavi Grau","2026-08-07 11:26:42",2405.4,2,octaviograu
369,16681007,AkiraOnojp,"2026-08-07 06:08:58",2404.6,1,akiraonojp
370,16671515,ziheng,"2026-08-07 09:47:38",2403.5,2,zihengedie
371,16683755,"Meng Di","2026-08-08 06:01:42",2401.7,2,hughshaoqz
372,16657449,"Тимофей Мартыщенко","2026-08-05 17:20:55",2399.6,2,timmass2
373,16661558,안녕하세요이세입니다잘부탁드립니다,"2026-08-07 17:46:12",2399.6,2,municef1
374,16660726,养殖一些扫福睿,"2026-08-08 05:51:36",2398.1,2,gengsr
375,16660537,Furina,"2026-08-07 11:55:48",2396.9,2,cjlcjlcjl
376,16655497,cszf_first,"2026-08-06 02:15:07",2395.8,2,cszffirst
377,16625013,sash,"2026-08-05 01:00:10",2394.8,2,sash2104
378,16623990,senkin13,"2026-08-06 07:34:32",2392.2,2,senkin13
379,16669542,Agzam,"2026-08-06 05:09:43",2391.1,2,mazgag
380,16663485,"Jacob Alstrup","2026-08-07 19:37:22",2389.8,2,jacobalstrup
381,16663748,Calmracer,"2026-08-05 15:55:50",2387.5,2,ethanhall123
382,16681893,morality0707,"2026-08-08 04:45:35",2383.3,2,morality0707
383,16634654,unknown,"2026-08-08 02:11:24",2376.6,2,abdullahshafi2021
384,16659618,"Jeevan Jolly","2026-08-07 15:32:14",2375.1,2,jeevanjolly
385,16676356,"Wander waal","2026-08-06 14:55:52",2375.1,1,wanderwaal
386,16673155,"Babar Khilji","2026-08-06 15:55:26",2374.1,2,babarkhilji
387,16675027,namanbnsl,"2026-08-06 13:02:52",2370.8,2,namanbnsl
388,16633709,"kitory Yeah やきとり","2026-08-08 03:17:16",2370.8,2,kitoryyeah
389,16670671,"TAUIL Abd Elilah","2026-08-08 02:11:04",2367.9,2,tauilabdelilah
390,16635363,aurax7,"2026-08-07 15:30:10",2365.4,2,aurax7
391,16676739,"Jonathan Zheng Jiahao","2026-08-08 06:19:25",2364.4,2,jonathanzhengjiahao
392,16632201,neurlog,"2026-08-06 17:10:07",2363.3,2,neurologist
393,16665237,"get some fries","2026-08-07 23:01:51",2357.7,2,"richardsilence,tongyuexiao"
394,16684641,t.me/aetheranime,"2026-08-08 05:45:53",2357.2,2,yfrite
395,16660255,"Revanth Tambisetty","2026-08-07 03:23:04",2357.0,2,revanthtambisetty
396,16672520,"Nah I'd win","2026-08-07 08:09:12",2356.7,2,asutriy
397,16684128,NIklitaCheporev,"2026-08-07 19:47:28",2354.9,2,niklitacheporev
398,16627799,"navazsh fathi","2026-08-06 11:13:55",2352.6,2,navazshfathi
399,16658717,"Aditya Kapadia","2026-08-06 14:32:16",2352.2,2,adityakapadia2003
400,16666358,"GAYATHRI SALINI","2026-08-07 07:55:26",2351.3,2,gayathrisalini09
401,16655505,Debmalya,"2026-08-07 04:18:36",2349.8,2,debmalya84
402,16630797,"Seok, Jeongeum","2026-08-08 01:19:03",2347.7,2,seokjeongeum
403,16632516,"Jiachen Li","2026-08-06 10:25:39",2343.4,2,llccqq624
404,16622198,"THUNDER THUNDER","2026-08-08 06:23:39",2342.0,2,thunderthunder
405,16674932,kokinnwakashuu,"2026-08-07 07:20:19",2335.6,2,kokinnwakashuu
406,16682557,"Soumalya Mandal","2026-08-07 11:39:44",2326.6,2,mrcyberhunter
407,16684852,後藤将斗,"2026-08-07 15:35:33",2325.8,2,masato09
408,16668995,"MD.Firoj Khondokar","2026-08-06 11:05:13",2324.1,2,mdfirojkhondokar
409,16654662,"2/3 rounded to two decimals","2026-08-06 00:49:19",2321.3,2,rnold2
410,16633173,"Saulo Quiñones Góngora","2026-08-07 19:51:42",2321.2,2,sauloquionesgngora
411,16630129,"Yi Lu","2026-08-08 05:23:05",2320.8,2,liqiu0224
412,16669273,Parag,"2026-08-07 02:10:29",2319.2,2,paragkale
413,16622319,"Roman Tamrazov 52","2026-08-07 18:51:27",2317.6,2,romantamrazov
414,16663498,"Braxton Dyer","2026-08-08 03:03:18",2314.6,2,braxtondyer
415,16622820,"Sergey Nefedov","2026-08-06 12:21:31",2311.9,2,sergionefedov
416,16640264,DhanaLakshmiMalla,"2026-08-07 18:31:23",2304.2,2,dhanalakshmimalla
417,16654091,webmaking,"2026-08-06 09:43:13",2302.0,2,webmaking
418,16682885,风沙星辰,"2026-08-08 06:03:54",2300.6,2,"duoliya,linyeping"
419,16667503,Yuzuki,"2026-08-05 12:19:45",2299.9,1,yuzukiohya
420,16636536,tetsu2131,"2026-08-07 17:00:15",2293.4,2,tetsutani
421,16664487,houlidai-jiekiulai,"2026-08-07 15:27:14",2292.5,2,houlidaijiekiulai
422,16659727,shuaiqiyang,"2026-08-06 08:48:53",2291.1,2,shuaiqiyang
423,16669148,"Syed Muhammad Gillani","2026-08-07 19:55:58",2289.7,2,syedmuhammadgillani
424,16653068,"Shuichi Fushimi","2026-08-08 06:11:04",2285.9,2,shuichifushimi
425,16658384,UwU,"2026-08-07 15:50:41",2285.4,2,claudesewitz
426,16665256,zhoujqi,"2026-08-06 18:31:31",2285.0,2,zhoujqi
427,16659160,"Dmitry Bardonov","2026-08-05 08:06:10",2283.7,2,bdesim
428,16676283,jnurik,"2026-08-07 17:24:01",2282.4,2,nurdauletmoldik
429,16623398,"Tony Li","2026-08-07 23:15:20",2280.3,2,tonylica
430,16658709,"Kaggler Albafica","2026-08-06 10:05:39",2279.7,2,kaggleralan
431,16667147,"Daksh Bhalala","2026-08-06 02:54:05",2272.8,1,dakshbhalala
432,16631595,CuteClaw,"2026-08-08 00:09:41",2272.7,2,bloodmoonwq
433,16677938,"Hajime Tamura","2026-08-08 06:07:08",2265.6,2,thajime
434,16638557,"Araik Tamazian","2026-08-07 08:29:02",2264.6,2,atamazian
435,16653958,seowoohyeon,"2026-08-06 11:48:06",2264.3,2,seowoohyeon
436,16621294,dpquoc,"2026-08-08 04:00:35",2261.9,2,dpquoc
437,16654704,mandgeee,"2026-08-07 18:25:20",2258.1,2,mandgeee
438,16624040,kumk,"2026-08-07 22:44:03",2257.1,1,kknagoya
439,16626191,"kevin park","2026-08-08 06:14:49",2255.0,2,k3v1npark
440,16670999,Maksonch1k,"2026-08-06 09:08:09",2250.6,2,maksonch1k
441,16672003,carlscamt,"2026-08-07 16:50:12",2246.2,2,carlscamt
442,16625214,Malla,"2026-08-07 18:20:54",2244.6,2,mallaphalguni
443,16667922,JungHwan,"2026-08-05 13:34:36",2242.4,2,najunghwan
444,16640880,"wenyuan Guo","2026-08-07 12:07:45",2240.7,2,gwey1025
445,16670791,Hugelidus,"2026-08-07 06:33:35",2239.0,2,hugelidus
446,16679683,Aberrchan,"2026-08-08 05:25:09",2236.0,2,aberrchan
447,16681275,"CUG HeQiao","2026-08-07 21:25:47",2230.2,2,cugheqiao
448,16640332,"ning gu","2026-08-08 02:23:13",2229.8,2,morninggu
449,16663099,"Md. Abdullah Al Mamun","2026-08-05 02:16:43",2229.6,2,mamun18
450,16624088,Pomiro,"2026-08-07 04:15:26",2229.4,2,pomiro
451,16680950,COLD,"2026-08-07 18:54:37",2228.3,2,maulikgajera
452,16635518,"ROFIQUL ALAM SHEHAB","2026-08-07 05:28:28",2226.9,2,rofiqulalamshehab
453,16654373,thwaitsusa2,"2026-08-05 04:38:24",2222.6,2,thwaitsusa2
454,16623665,Giba,"2026-08-05 22:44:41",2218.9,2,titericz
455,16664239,VK_Kaggriculture..StartCompet,"2026-08-05 02:03:48",2218.4,1,venkatkumar001
456,16621481,"zero waste","2026-08-05 18:10:51",2216.1,2,chinnaphatkhun
457,16637973,StephenNedumpally,"2026-08-07 03:19:45",2212.0,2,stephennedumpally
458,16682936,"Latifa Riziki","2026-08-07 20:09:14",2210.2,2,latifariziki
459,16623370,kenmatsu4,"2026-08-07 18:33:51",2207.5,2,kenmatsu4
460,16676038,"Adyanth M","2026-08-06 18:21:29",2201.8,1,adyanthm
461,16672374,"kelly waldeck","2026-08-07 16:40:29",2200.8,2,kellywaldeck
462,16659045,Rai1,"2026-08-07 16:09:51",2197.6,2,rai2003
463,16668736,bhundreds,"2026-08-06 16:28:39",2197.5,2,hundreds1103
464,16666027,CropBOTS,"2026-08-07 17:48:02",2196.4,2,"anshultickoo,itsmepooja,manuakumar,sapnajain115"
465,16663369,csteeve,"2026-08-07 18:44:37",2196.0,2,csteeve
466,16664827,"Jose Miguel Diez de la Lastra","2026-08-07 16:08:49",2191.9,2,josemigueldiez
467,16639625,"Dr Chandrasen Pandey","2026-08-08 04:46:19",2191.0,2,devchandra
468,16635317,"KAKA Minishijie","2026-08-07 16:43:54",2190.4,2,kakaminishijie
469,16665927,"bhavya shah","2026-08-07 23:31:08",2189.9,2,bhavyashah007
470,16652896,"R^2 negative","2026-08-04 23:14:38",2189.8,2,rktqwe
471,16658221,"Roshan Roy","2026-08-08 05:10:08",2187.2,2,roshanroy333
472,16658723,"Waleed Alkhateeb","2026-08-05 13:31:44",2186.4,2,waleedalkhateeb
473,16679155,jeziorop,"2026-08-06 20:34:53",2186.3,1,jeziorop
474,16641326,IY,"2026-08-05 19:27:31",2185.1,2,irotrader
475,16669400,"Martin Konôpka","2026-08-06 12:16:13",2184.0,2,rumburakk
476,16643125,"CARLOS CAADA ROSTRO","2026-08-06 21:52:45",2182.0,2,carloscaadarostro
477,16654081,"Aleksei Ponomarev","2026-08-06 00:43:57",2179.2,2,alekseiponomarev
478,16635280,"Narendra Sirvi","2026-08-07 03:39:58",2175.2,2,narendras78
479,16621497,"Victor @ Tufa Labs","2026-08-07 22:46:52",2175.2,2,vmerckle
480,16627194,GzmCR632,"2026-08-07 14:57:53",2171.6,2,gzmcr632
481,16641077,lucaskna,"2026-08-08 00:48:48",2171.6,2,lucaskna
482,16662161,"Touhidul Alam Seyam","2026-08-07 08:55:44",2167.7,2,seyamalam
483,16623451,Ueddy,"2026-08-08 06:15:23",2166.1,2,ku0807
484,16663271,"Malyshev Danil","2026-08-05 14:57:19",2163.2,2,malyshevdanil
485,16687724,Yijue1,"2026-08-07 21:41:12",2161.5,1,yijue1
486,16621716,harlen,"2026-08-06 08:04:24",2160.0,2,harlenka
487,16656345,sunchang71,"2026-08-05 14:05:13",2154.1,2,sunchang71
488,16646679,tong00,"2026-08-08 06:12:39",2153.7,2,tong00
489,16622531,"musya lyusya team","2026-08-05 01:39:51",2152.6,2,vswz2nqp
490,16670384,"Gordeev Max","2026-08-05 20:52:17",2152.4,2,gordeevmax
491,16654158,"Md. Hamid Hosen","2026-08-06 18:52:05",2150.6,2,hosen42
492,16669911,"Batuhan Ustun","2026-08-07 14:49:26",2149.8,2,batustun
493,16654669,"Jordi Corbilla","2026-08-03 19:33:00",2144.4,1,jordicorbilla
494,16623836,awarse,"2026-08-07 09:31:46",2143.8,2,awarse
495,16654322,"Debatreya Biswas","2026-08-03 18:04:48",2140.2,2,debatreyabiswas
496,16632743,"Krizsó Gergely","2026-08-07 07:56:42",2139.3,2,lucifer19
497,16672128,Cliffton,"2026-08-08 06:00:33",2137.4,2,rieltzx
498,16638909,mbscgi,"2026-08-04 22:48:03",2136.6,2,mbscgi
499,16664477,"The T-MAN","2026-08-08 07:07:14",2136.2,2,otmaneelmahda
500,16623635,HiroyukiSasaki,"2026-08-07 23:02:10",2133.9,2,hiroyukisasaki815
501,16630713,"Grzegorz Sionkowski","2026-08-07 06:31:05",2132.8,2,sionek
502,16666163,"Muthuraman Raman 7","2026-08-06 05:25:09",2132.5,2,muthuramanraman7
503,16660120,gktdgktdgktd,"2026-08-07 07:50:45",2126.7,2,gktdgktdgktd
504,16666686,yolo,"2026-08-07 16:00:27",2124.4,2,avin55
505,16664170,SpookyHippo,"2026-08-06 02:44:29",2124.3,2,spookyhippo
506,16668647,"THIRUPATHI KANNAN K","2026-08-05 15:50:54",2121.0,2,thirupathikannank
507,16677675,"Roman Mironov","2026-08-06 17:30:28",2118.1,1,helloromiro
508,16685828,Ztr0,"2026-08-07 15:01:02",2112.3,1,y1amadeus
509,16660233,ko9ma,"2026-08-04 13:22:29",2106.7,2,kohojung
510,16633944,Toru59er,"2026-08-08 03:46:20",2104.5,2,toru59er
511,16622032,"Raunak Dey","2026-08-07 14:09:52",2102.0,2,raunakdey07
512,16675752,"Simon Rüba","2026-08-08 00:07:12",2101.6,2,simonrba
513,16655323,roma,"2026-08-07 11:39:54",2101.1,2,mnroma
514,16625219,MJVinay,"2026-08-07 18:40:00",2099.8,2,mallajayanthvinay
515,16668761,"Lorenzo Regalado","2026-08-07 17:18:58",2099.6,2,lregaladohdez
516,16630323,kaggricultureomnidimensionalut,"2026-08-08 00:54:03",2095.1,2,kumarandatascientist
517,16660613,今日洗澡明日香,"2026-08-07 09:58:49",2094.1,2,"jasperkag,ryjiang,timmengzh,yningc"
518,16667219,"Komil Parmar","2026-08-07 17:39:33",2092.8,1,komilparmar
519,16663808,"Fae Gaze","2026-08-05 16:10:17",2092.4,1,achievement
520,16639496,"Sai Teja Bandaru","2026-08-05 20:22:51",2091.5,2,saitejabandaruin
521,16666393,saikyo,"2026-08-08 01:20:07",2087.0,2,kyosaikyo
522,16659328,"Muhammed Ashiq Abdul Khader","2026-08-06 09:09:31",2086.8,2,ashiqabdulkhader
523,16657942,"Gokul Prasath","2026-08-04 23:38:18",2086.2,2,beastgokul
524,16668370,"Matthew Labrador","2026-08-08 00:50:51",2084.6,1,m4tyuuu
525,16673881,"Sebastian Johansson","2026-08-07 17:06:04",2083.2,2,sebbejohansson
526,16661899,AAI,"2026-08-05 11:37:11",2081.8,2,aiolapo
527,16630315,janson,"2026-08-07 14:18:19",2080.4,2,johnjanson
528,16672456,hangglider5,"2026-08-07 15:59:54",2076.8,2,hangglider5
529,16668406,"VAP RF5","2026-08-05 14:41:12",2074.2,1,vaprf5
530,16637458,OlivierS,"2026-08-07 15:24:53",2070.9,2,oliviers
531,16663513,A-eye,"2026-08-05 00:54:11",2066.2,2,"debayank2024,laveshjadon,laxmikantaroy,tarunraii"
532,16624571,"Baidalin Adilzhan [dsml.kz]","2026-08-07 14:57:09",2061.0,2,baidalinadilzhan
533,16632579,ZZfancy,"2026-08-04 13:26:56",2060.1,2,zzfancy
534,16663649,"Akhil Chinta","2026-08-08 06:02:55",2059.4,2,akhilchinta1505
535,16670378,"Ari Carter","2026-08-07 20:10:59",2058.7,2,aricarter
536,16666625,"Nguyen Ngoc Thien","2026-08-07 16:12:04",2058.5,2,ngocthienai
537,16639979,naphthalene,"2026-08-07 08:45:35",2057.4,2,"aaa0342,leehyungjoon,minjek,trv449"
538,16650701,"Oliver Wang","2026-08-03 16:17:36",2050.8,2,oliverwang15
539,16623812,"SeshuRaju 🧘‍♂️","2026-08-05 09:25:46",2050.5,2,seshurajup
540,16632493,"oni chan arigato","2026-08-07 14:23:23",2049.6,2,nabidnur
541,16624934,"Haramball forever!","2026-08-08 03:28:46",2047.3,2,envyy23120093
542,16623988,"Charismatic Pizza Party🍕","2026-08-05 15:05:28",2046.2,2,debugendless
543,16674550,"Jebastin Nadar","2026-08-06 10:09:16",2042.0,2,samfc10
544,16665015,"laiba razzaq10","2026-08-07 14:21:49",2040.9,2,laibarazzaq10
545,16654153,"Mateus Cruz, Msc.","2026-08-03 17:44:02",2039.6,1,matteuscruz
546,16654381,"Dmitry Belan","2026-08-06 20:08:37",2035.9,2,dimong4
547,16622788,Fitzcarraldo,"2026-08-07 14:17:24",2035.6,2,ivankuc
548,16658931,"somewhere after","2026-08-06 23:07:24",2035.2,2,amaterasuuuuu
549,16672040,"Tom Yim","2026-08-08 03:57:50",2034.1,2,tomyim
550,16656072,Vespidae,"2026-08-06 16:50:34",2034.0,2,ianapis
551,16668622,"Michael McGrain","2026-08-07 19:19:34",2033.9,2,michaelmcgrain
552,16653984,"Howard Lyu","2026-08-08 01:51:29",2033.3,2,howardlyu
553,16685722,"Jiahan Cao","2026-08-07 14:52:41",2018.0,1,jiahancao
554,16662940,"The Coder Geek Squad Leader","2026-08-05 20:06:54",2008.4,2,soulemaneisissifou
555,16660331,A.K.NITHIN,"2026-08-06 14:51:23",2006.3,2,aknithin
556,16621735,VN-Orion,"2026-08-03 08:39:21",1997.0,2,fastthanh78
557,16670221,fle3n,"2026-08-07 13:15:32",1996.9,2,fleongg
558,16661739,"Spandan Mhapsekar","2026-08-05 06:27:18",1995.8,2,spandanmhapsekar
559,16635062,DL,"2026-08-08 05:13:06",1992.4,2,distiller
560,16673234,MACvengers,"2026-08-07 10:19:42",1991.8,2,"astrojaswanthkumar,ikpikp"
561,16669897,"Tahsan Ferdous","2026-08-05 18:54:11",1989.2,1,tahsanferdous
562,16664819,"SUBHASRI  S","2026-08-05 16:14:12",1987.1,2,subhasri2007
563,16633276,"Nolan Liang","2026-08-06 18:46:41",1986.3,2,iamlkn
564,16672241,Primarizki,"2026-08-08 00:33:37",1985.7,2,primarizki
565,16635238,"Tai Tien Ta","2026-08-04 02:30:44",1980.4,2,tittin
566,16666826,"Simone di costanzo","2026-08-07 19:38:11",1978.4,2,simonedicostanzo
567,16654006,"Harish Dhanarajan","2026-08-03 17:23:50",1975.0,1,harishdhanarajan
568,16630142,zawawannko,"2026-08-05 03:16:49",1973.7,2,zawawannko
569,16632694,8ct10nz,"2026-08-04 12:02:49",1972.7,2,act10nz
570,16687463,"Manolo Chow","2026-08-08 04:14:17",1972.5,2,manolochow
571,16632055,Bugra0,"2026-08-03 22:44:42",1972.5,2,bugra0
572,16672660,"Straw Hat","2026-08-07 13:14:23",1970.5,2,"anuragugargol,tanishafagare114"
573,16633793,adakoda,"2026-08-08 00:54:47",1967.7,2,adakoda
574,16677188,Nicooni,"2026-08-06 16:35:01",1965.6,1,nicooni
575,16631016,木下陽平,"2026-08-06 14:52:20",1965.3,2,yoheikaggle
576,16623603,"Renji Starfall","2026-08-05 16:43:52",1965.3,2,renjistarfall
577,16683852,"Abhiram Anil","2026-08-08 06:26:11",1965.0,2,abhiramanil
578,16682494,Phi,"2026-08-08 07:13:49",1962.5,2,ajinomoto132
579,16660037,shehai.lrs,"2026-08-05 00:36:36",1949.7,2,shehailrs
580,16639606,Peach2587,"2026-08-05 22:55:02",1945.0,2,momokayoshioka
581,16631101,"Muneeb ul Hassan","2026-08-07 09:00:57",1944.4,2,muneeb2405
582,16677240,"Jeevan Malla","2026-08-07 07:37:46",1944.2,2,jeevanmalla
583,16656347,OctahedronBB,"2026-08-07 00:52:27",1943.8,2,octahedronbb
584,16654832,mohit,"2026-08-07 00:01:08",1941.1,2,mohitvarred
585,16685358,"Nuno Ferreira","2026-08-07 13:48:37",1928.5,1,ngcferreira
586,16679237,"Danilo Sepúlveda","2026-08-06 21:26:28",1927.9,1,daniloseplveda
587,16657228,"Vladimir Babin","2026-08-07 07:30:41",1925.4,2,vovababin
588,16622482,"Veniamin Nelin","2026-08-04 19:40:18",1923.5,2,veniaminnelin
589,16635969,"Omkar Kadam","2026-08-04 15:36:44",1920.9,2,"itzzomkar,khanayanayub,princypaonam"
590,16685160,"Yura Trubitsyn","2026-08-07 21:47:44",1919.6,2,yuratrubitsyn
591,16659730,"Zhang Yingluo","2026-08-07 11:20:16",1918.5,2,zhangyingluo
592,16668334,Suavemango,"2026-08-07 14:09:02",1915.6,2,suavemango
593,16647192,"Sailor Ren","2026-08-07 08:08:06",1915.2,2,sailorren
594,16635745,"João Victor","2026-08-08 01:47:34",1902.3,2,jvlegend
595,16655712,"Smart Manoj","2026-08-04 01:55:13",1902.3,2,smartmanoj
596,16633179,infamemconculcemus,"2026-08-08 05:07:34",1898.9,2,jcgweb
597,16658670,EveryJust,"2026-08-07 08:33:35",1896.7,2,"everyjust,zfc666wsnd"
598,16664300,"swajay nandanwade","2026-08-05 04:57:10",1894.4,2,swajaynandanwade
599,16662496,KhalidKhan,"2026-08-05 05:31:07",1894.3,2,feedfeed
600,16633190,Gigrise,"2026-08-03 19:44:20",1887.7,2,gigrais
601,16652175,"Lucas Boesen","2026-08-07 22:04:24",1885.9,2,lucasboesen
602,16664759,OrGanAIc,"2026-08-08 02:29:34",1882.8,2,arghyaranjandas
603,16674508,"Giulio Ravasio","2026-08-07 10:57:03",1880.8,2,giuliorav
604,16667080,King-damon,"2026-08-08 04:21:20",1879.9,2,kingdamon
605,16640368,"Nkosi Ndwandwe","2026-08-08 00:00:14",1878.8,2,nkosindwandwe
606,16626462,mango,"2026-08-04 01:06:57",1877.4,2,mango789
607,16674385,"qr Z1201","2026-08-08 06:30:32",1876.1,2,qrz1201
608,16654511,"Syed Shayan Ali Shah","2026-08-05 16:43:36",1875.9,2,dsshayan
609,16664368,"Ujjwal Reddy","2026-08-08 01:01:24",1874.9,2,ujjwalreddyks
610,16653117,"li jiaqi77","2026-08-07 05:32:06",1873.8,2,lijiaqi77
611,16629972,"forever young","2026-08-07 00:48:31",1871.6,2,keisukeyokota0428
612,16658109,edward1503,"2026-08-05 02:25:43",1869.8,2,nguynnc
613,16642207,"Nerijus Areska","2026-08-04 00:01:32",1868.3,2,nerijusareska
614,16677832,"Maryam Tahir","2026-08-07 06:36:16",1866.0,1,maryamtahir09
615,16664761,"Udit Jain #2","2026-08-05 04:19:59",1865.8,1,iamudit
616,16661607,choqui62,"2026-08-07 06:14:59",1864.1,2,choqui62
617,16654403,"Skibidi Six Seven","2026-08-08 04:27:26",1858.0,2,iam4722202468
618,16653927,"Fernando GH H","2026-08-08 02:08:06",1856.9,2,fernandoghh2
619,16656931,pns,"2026-08-07 08:32:45",1851.5,2,"nikhilkasyap07,premsivasai,saranboddu"
620,16660137,Densike,"2026-08-07 18:41:41",1848.7,2,densike
621,16665169,"Rahul Barakoti ITM","2026-08-07 10:58:30",1845.9,2,rahulbarakotiitm
622,16674949,"Lev Neganov","2026-08-08 02:12:56",1845.9,2,levoel
623,16672980,"Thomas Prinz","2026-08-08 01:48:03",1844.2,2,xardiphotography
624,16633773,copasta,"2026-08-08 06:12:39",1843.1,2,copasta
625,16634128,ZechHuang,"2026-08-06 02:15:46",1840.3,2,zechhuang
626,16655501,Savko,"2026-08-05 02:41:13",1837.5,2,savchenko
627,16655190,"Will Rice","2026-08-07 01:19:16",1833.4,2,willrice
628,16655826,KKY,"2026-08-06 12:21:42",1832.9,2,evilpsycho42
629,16624003,weedfarmer,"2026-08-08 05:34:16",1831.2,2,aleksanderhan
630,16662883,OceanMix,"2026-08-08 06:23:35",1827.4,2,"cggonzalezsc,fierus,liesvyvalladares"
631,16651332,"Le Viet","2026-08-05 13:14:39",1825.1,2,sleepyssr
632,16654109,"Mohamed Amine Aichaoui","2026-08-07 16:59:33",1825.0,1,mohamedamineaichaoui
633,16641138,"Bharath Varma","2026-08-07 20:00:16",1822.3,2,bharath111l
634,16641884,Blacklions.,"2026-08-03 10:31:07",1821.6,2,blacklions
635,16658382,vladee,"2026-08-07 07:32:58",1821.4,2,vladee
636,16634752,"Praise the SHOVEL","2026-08-03 16:16:28",1821.0,2,barnobarno
637,16631978,"batuhan kalem","2026-08-02 22:12:00",1816.6,2,batuhankalem
638,16662041,"Thu Nguyen","2026-08-08 05:16:45",1815.2,2,thunguyen1510
639,16623458,datnt114,"2026-08-08 05:02:13",1813.3,2,kingkong153
640,16668039,NotEnoughTokens,"2026-08-06 13:04:52",1810.1,2,"adofai,jonghyun7777,taglink"
641,16657429,"xiao cat q","2026-08-06 04:23:42",1809.9,2,xiaocatq
642,16636148,SanggeunParrk,"2026-08-05 04:04:32",1807.5,2,sanggeunparrk
643,16626655,"Surya milenial","2026-08-08 01:16:26",1802.9,2,suryamilenial
644,16654726,"James Mancillas","2026-08-07 15:46:12",1796.8,2,jamesmancillas
645,16676677,"Clark Stéphane","2026-08-07 18:58:45",1796.6,2,clarkstphane
646,16675203,HK,"2026-08-06 11:38:05",1795.9,1,hizurukonishi
647,16680931,"Rattan Singh","2026-08-07 18:13:44",1795.3,2,rattans
648,16664348,"Zech fabs","2026-08-08 06:41:37",1794.5,2,isaactunglaw
649,16656503,"Thiago Munhoz da Nóbrega","2026-08-04 20:47:37",1794.2,2,thiagommtmn
650,16680646,Naym0425,"2026-08-07 02:12:17",1793.7,1,naym0425
651,16623749,Tejas,"2026-08-07 09:41:40",1793.2,2,tejuuss
652,16662681,"Vernon Campbell","2026-08-06 23:38:35",1791.6,2,vernoncampbell
653,16639280,"Faruk Çiftler","2026-08-08 06:23:01",1790.6,2,abdullahfaruk
654,16655952,"Tianfu Wang (王天夫)","2026-08-08 03:59:51",1786.2,2,wangtf96
655,16623897,satoooh,"2026-08-08 05:51:46",1785.5,2,satoooh
656,16671292,Yuyajk,"2026-08-07 09:00:27",1785.4,2,yuyajk
657,16674543,"Sujal Agarwal2301","2026-08-08 05:55:05",1783.1,2,sujalagarwal2301
658,16652560,"Ahmed Samir","2026-08-03 12:15:01",1780.7,2,ahmedsamir1598
659,16675486,"SALAH ELDIN ELNABARAWY","2026-08-07 23:43:14",1771.3,2,salaheldinelnabarawy
660,16623592,Jack,"2026-08-05 17:06:09",1771.2,2,jackvd
661,16660555,"Nguyễn Nhật Thanh","2026-08-07 03:45:29",1768.5,2,nguynnhtthanhhhhh
662,16644481,Liquidus,"2026-08-07 10:14:30",1767.8,2,liquidus
663,16623199,"Jesse Ferguson","2026-08-05 00:04:22",1764.2,2,jesseferguson
664,16623485,XtraLearning,"2026-08-07 15:15:03",1764.1,2,xcessivesmash
665,16681927,"Dariush Afshar","2026-08-08 05:11:42",1762.7,2,dariushafshar
666,16652631,"Panagiotis Anagnostou","2026-08-07 13:46:09",1756.0,2,panosanag
667,16679004,"Kevin Zhao","2026-08-07 16:51:43",1753.8,2,kevinzhao666
668,16622422,ss,"2026-08-08 05:45:56",1750.8,2,forest2026
669,16634426,"Ertuğrul Özer","2026-08-07 14:38:52",1749.8,2,ozertuu
670,16655828,ack07,"2026-08-06 04:52:07",1749.4,2,its07amit10
671,16644861,"kanzaler ensemble","2026-08-05 05:43:58",1748.8,2,kanzalerensemble
672,16685556,binghua_123,"2026-08-08 06:43:09",1747.2,2,binghua123
673,16687824,"André Dkw","2026-08-07 21:42:55",1744.4,1,andrdkw
674,16637987,Xander,"2026-08-04 10:41:19",1743.7,2,canqiang
675,16660824,"Stitch Clarity","2026-08-04 15:27:53",1742.9,2,stevenanctil
676,16635744,XDang13,"2026-08-04 19:30:33",1741.6,2,xdang13
677,16665077,"Mohit Babel","2026-08-07 19:01:22",1736.1,2,mohitbabel
678,16658616,"Amitesh Chaudhary","2026-08-04 19:11:26",1736.1,2,amiteshchaudhary
679,16644643,today,"2026-08-03 14:43:03",1734.5,2,today55
680,16628664,"Anton Tikhonov","2026-08-07 13:25:04",1734.5,2,itwastony
681,16668060,"Spiros Skarmoutsos","2026-08-07 16:02:25",1732.9,2,spirosskarmoutsos
682,16669826,Jesse,"2026-08-08 02:57:08",1732.9,2,jesneuman
683,16623034,"Vlad Kochetov","2026-08-03 03:28:34",1731.5,2,vladkochetov07
684,16659972,"Pelamovic ","2026-08-07 09:06:10",1728.3,2,pelamovic
685,16660395,ljx59141421,"2026-08-06 03:22:07",1724.5,2,ljx59141421
686,16630015,星之海,"2026-08-07 12:48:14",1723.7,2,web3cainiao
687,16665976,"Daksh Goyal","2026-08-07 20:18:52",1720.9,2,dakshgoyal387
688,16640582,Attension_Seeker,"2026-08-07 17:04:26",1720.1,2,aisipu
689,16633790,curiosity,"2026-08-08 00:06:30",1715.2,2,chmffwn1
690,16630729,https://how.rl.works/,"2026-08-07 07:24:37",1715.1,2,grennwolf
691,16663867,Steve421471,"2026-08-08 06:37:00",1712.5,2,steve421471
692,16630964,LEEKANG,"2026-08-03 14:10:21",1711.2,2,poby7722
693,16623691,KevlarZanderChi,"2026-08-04 08:58:58",1711.0,2,kevlarzanderchi
694,16665753,"Mansour A. S. Ataa","2026-08-06 02:46:56",1708.9,2,profmansoor
695,16662696,"Cengizhan Tümer","2026-08-07 05:54:38",1708.8,2,cengizhantmer
696,16624484,"Tomoki Hirose","2026-08-03 11:56:38",1706.8,1,tomokihirose
697,16677596,Sere1n,"2026-08-08 04:35:07",1701.3,2,chacc0
698,16650396,RaymondZhao0304,"2026-08-04 00:39:30",1700.7,2,raymondzhao0304
699,16644552,Keanan,"2026-08-08 01:42:50",1699.8,2,citerne
700,16637241,M4nd4l0r14n,"2026-08-04 11:53:31",1699.4,2,thiagobcunha
701,16661010,"Dante Dyches-Chandler","2026-08-05 04:36:09",1697.1,2,dantedycheschandler
702,16662846,"Kerem Ercin","2026-08-08 03:52:20",1696.9,2,keremercin
703,16624921,"sky machine","2026-08-08 05:32:20",1696.2,2,hweowe
704,16655758,patience,"2026-08-08 06:07:35",1695.8,2,weirdocurry
705,16661685,"Lê Ngọc Lâm","2026-08-08 04:32:10",1693.0,2,lengoclam
706,16656393,"Faris Abqari","2026-08-07 00:15:25",1687.2,2,farisabqari11
707,16663759,🔥🦫📿🗽,"2026-08-06 19:45:19",1683.7,1,datafad
708,16663899,"Abdelrahman Aboegela","2026-08-05 13:54:26",1680.1,2,abdelrahmanaboegela
709,16622330,"hiroshi murakami","2026-08-06 10:29:43",1679.2,2,zabojeb
710,16659033,"Farzana Shaju","2026-08-05 07:18:29",1677.3,2,"farzanashaju,shaikhharisjamal"
711,16665898,chengsongtao,"2026-08-07 09:27:07",1677.0,2,cheng618
712,16677597,InformaBook2,"2026-08-07 18:30:32",1674.6,2,informabook2
713,16664518,senxichong,"2026-08-05 06:30:13",1672.4,2,senxichong
714,16667547,"miaoqing long","2026-08-06 03:31:43",1670.7,2,miaoqinglong
715,16623716,tetsuya,"2026-08-03 06:33:46",1668.0,2,tetsuya3510
716,16688732,tully_boss,"2026-08-08 06:57:18",1667.8,2,"gnux1408,tanakaai24"
717,16670365,"Konstantin Alekseev","2026-08-07 04:43:49",1653.9,2,alekskst
718,16632250,"Mesut Gözdemir","2026-08-05 17:54:14",1651.8,2,gfkfu123
719,16659555,"Joseph Adamski","2026-08-07 15:47:03",1649.5,2,josephadamski91
720,16642154,Burkina_team_mate,"2026-08-06 15:30:54",1648.2,2,"belemkalilou,tedjosegregorybere"
721,16621163,johndeere,"2026-08-06 07:06:51",1647.6,2,jaejohn
722,16664775,DoubleZs,"2026-08-06 02:55:02",1646.2,2,zhang051018
723,16623540,TheDuck,"2026-08-03 23:46:14",1645.5,2,jaxroth
724,16655294,Mobzya,"2026-08-05 14:59:31",1638.4,2,mobzya
725,16652986,"Justin Kimlim","2026-08-08 04:07:01",1636.7,2,justinkimlim
726,16658173,Tamizharuvi,"2026-08-07 16:39:24",1634.8,2,tamizh1
727,16665402,PrasadChopade213,"2026-08-06 18:22:18",1630.1,2,prasadchopade213
728,16632262,Milkomeda,"2026-08-03 05:09:15",1629.4,2,milkomeda74583
729,16671407,JBro13,"2026-08-07 02:29:02",1623.9,2,jbro13
730,16626814,"Vu Tran Hoang","2026-08-03 15:22:07",1623.7,2,hoangvux
731,16666057,StopPlantingStartGameTheorying,"2026-08-08 04:58:41",1623.3,2,mymelodyenjoyer
732,16662896,"Adrian Dubois","2026-08-05 03:10:39",1615.5,1,adriandubois
733,16655150,"Benjamin H Pepper","2026-08-08 05:47:08",1614.9,2,bhpepper
734,16659610,gareeb,"2026-08-06 20:22:34",1613.4,2,"arjund29,saqlainsqx,yashawl194"
735,16653129,"Prashanth Reddy Biyyani","2026-08-08 02:48:54",1611.5,2,"prashanthbiyyani,shivagurrala"
736,16656170,"Chakrabhuana V  Deva","2026-08-05 06:54:50",1610.0,2,chakrabhuanavdeva
737,16664653,Adir,"2026-08-06 21:34:52",1610.0,2,adiradam
738,16669810,CREART,"2026-08-08 05:32:29",1606.6,1,gustardust
739,16670304,"Daniel Tomaro1","2026-08-08 01:24:26",1605.9,2,danieltomaro1
740,16668721,"Efe Can Celiksoy","2026-08-07 06:06:21",1602.3,2,efecnc
741,16664788,1o,"2026-08-07 14:41:05",1602.1,2,rian55
742,16639369,"Kyuhwan Cho","2026-08-06 02:56:08",1596.8,2,octoarden
743,16632783,chocolat,"2026-08-08 00:05:26",1594.9,2,chocolatnya999
744,16663214,"Mathieu W","2026-08-05 20:02:08",1587.3,2,mathieuw
745,16667245,"KAIWALYA RAUT","2026-08-05 11:47:10",1586.5,1,kaiwalyaatulraut
746,16661410,tmxdlr,"2026-08-05 12:40:54",1586.1,2,tmxdlr
747,16665058,"Llin Ding","2026-08-07 08:32:33",1585.8,2,llinding
748,16622454,automatylicza,"2026-08-05 19:54:51",1580.6,2,automatylicza
749,16662872,"Artem Garbart","2026-08-05 09:41:29",1580.0,2,artyomgarbart
750,16658185,"Juwon Kweon","2026-08-05 04:48:50",1579.2,2,juwonkwon
751,16666468,"J Penman","2026-08-08 04:59:56",1579.2,2,jpenman
752,16663780,"Hamza Kanice","2026-08-08 00:01:05",1577.4,2,hamzakanice
753,16671306,Yeswanthperni,"2026-08-08 04:33:40",1574.1,2,yeswanthperni
754,16664400,Boruiyang21,"2026-08-05 14:56:03",1574.0,2,boruiyang21
755,16623298,Mikhail_Komkin,"2026-08-02 20:14:28",1574.0,2,mikhailkomkin
756,16662946,uzair,"2026-08-04 18:40:46",1573.5,2,quantumcurator
757,16664890,ideal_m99,"2026-08-06 00:00:33",1566.8,2,idealm99
758,16670032,Kenjo1209,"2026-08-05 21:50:01",1563.0,1,kenjo1209
759,16641372,ShoaibSSM,"2026-08-04 14:09:19",1562.7,2,"naveenlx111249971939,shoaibssm"
760,16670765,"tensor choko","2026-08-05 23:03:23",1560.7,1,tensorchoko
761,16679694,"Yaro Perventsev","2026-08-07 19:56:06",1558.2,2,yaroslavperventsev
762,16624026,"Russell Kirk","2026-08-03 23:47:30",1556.7,2,russcore
763,16635159,Abdulsamad,"2026-08-06 11:48:04",1553.7,2,abdulsamadjod1234
764,16655296,"peeta pit","2026-08-04 04:26:33",1550.4,2,peetapit
765,16654486,alijs,"2026-08-06 14:27:22",1547.4,2,alijs1
766,16641751,Hikari_30,"2026-08-03 04:54:23",1544.5,2,hikari30
767,16670807,mannogun,"2026-08-07 11:05:42",1540.3,2,arcanejumper
768,16661229,Gena,"2026-08-04 15:18:42",1538.7,2,gdonchyts
769,16631115,prvsiyan,"2026-08-07 15:10:49",1534.0,2,prvsiyan
770,16663818,"Mike Mordetsky","2026-08-06 06:15:32",1530.5,2,mikemordetsky
771,16634082,"Mikey Marszewski","2026-08-07 02:01:14",1530.2,2,mikeymarszewski
772,16655305,"Junior Sohou","2026-08-07 09:53:10",1525.9,2,juniorsohou
773,16667964,Shuiys,"2026-08-08 07:07:46",1524.1,2,ysshui
774,16634312,"Linh Le","2026-08-07 08:33:33",1521.9,2,linhlethuy
775,16657077,_LT_zyc,"2026-08-05 01:01:42",1521.2,1,zyczyc
776,16634213,kkunizaw,"2026-08-03 20:47:58",1512.7,2,kkunizaw
777,16661019,lmq,"2026-08-04 14:47:23",1511.7,2,lmminhquang
778,16663178,Sm00thiecodes,"2026-08-07 11:00:29",1511.5,2,sm00thiecodes
779,16688642,"Natalia Mawyin","2026-08-08 04:15:09",1511.4,2,nmawyin
780,16632231,"Samrish B","2026-08-05 18:31:49",1510.7,2,samrishb
781,16662910,"shoryakumar mishra","2026-08-05 16:05:32",1509.6,2,shoryakumarmishra
782,16678061,"Sushanth Tiruvaipati","2026-08-08 01:05:08",1507.5,2,sushanthtiruvaipati
783,16659295,snaykey,"2026-08-08 07:01:13",1505.3,2,snaykey
784,16657989,"vishnu gopal P","2026-08-04 12:09:35",1505.2,2,vishnugp
785,16654715,"Aqib Raza","2026-08-03 19:37:30",1502.2,1,aqibrazadev
786,16653982,"Arul Prasad S P","2026-08-05 09:07:12",1500.4,2,arulprasadsp
787,16657785,"Himanshu Kumar","2026-08-08 03:59:07",1496.6,2,himanshujha2812
788,16655632,"Dmitry Kozlov","2026-08-04 03:24:59",1496.5,1,dkozlov
789,16671767,Kaileh57,"2026-08-08 07:02:13",1495.3,2,kaileh57
790,16639236,"Dhavan Shah","2026-08-07 14:56:43",1492.7,2,dhavanshah99
791,16673682,MJ.LIU.T,"2026-08-06 08:14:05",1490.2,1,mjliut
792,16644185,"Mimic Mohsin","2026-08-02 18:38:46",1489.6,1,mimicmohsin
793,16657395,"Uchechukwu Ajuzieogu","2026-08-04 08:04:14",1488.5,1,uchechukwuajuzieogu
794,16635067,"Berat Egemen Gök","2026-08-04 18:19:37",1487.1,2,berategemengk
795,16628727,dominyellow,"2026-08-04 11:44:21",1484.8,2,dominyellow
796,16663175,Anaconda,"2026-08-05 02:47:22",1483.4,1,anaconda
797,16665293,"ADITYA BEECHA","2026-08-06 18:29:14",1481.9,2,bechaaditya
798,16659217,Dynamic_fire07,"2026-08-05 18:51:51",1480.1,2,"dynamicfire07,tryingmybest123"
799,16659883,"Ahmad Hfdx5","2026-08-05 03:33:48",1478.9,2,ahmadhfdx5
800,16655187,cmxu,"2026-08-05 05:31:07",1476.1,2,cmxu77
801,16656444,"christopher athans crow","2026-08-05 00:08:13",1470.1,2,cchrisaa
802,16660046,"Ikki Katsuyama","2026-08-07 06:07:42",1463.9,2,kacchanwriting
803,16651672,"Xiaolei Lian","2026-08-07 11:43:42",1462.4,2,xiaoleilian
804,16658562,mashBrian254,"2026-08-04 10:48:33",1461.4,2,mash1990
805,16655596,Bela,"2026-08-04 01:18:06",1455.9,1,istribaik
806,16659676,Light,"2026-08-05 03:07:39",1454.3,2,aadarshashrestha007
807,16656399,CROW,"2026-08-08 06:10:26",1451.3,2,"aaayangxh,hanifnoerrofiq"
808,16644390,"Manan Gupta","2026-08-05 17:08:32",1449.8,2,obirdy
809,16654209,"Nirav Mehta 1612","2026-08-06 14:57:24",1446.9,2,niravmehta1612
810,16657294,"Ragul M","2026-08-04 07:08:51",1445.3,2,ragul7002
811,16657094,irynavs,"2026-08-06 05:25:03",1431.2,2,irynavs
812,16660376,"Ahmed Sedky 0100","2026-08-06 20:56:37",1428.9,1,ahmedsedky0100
813,16650018,EiMengLove,"2026-08-05 10:27:31",1425.9,2,konicty
814,16624600,ariacat,"2026-08-06 07:16:44",1423.2,2,ariacat
815,16664609,Re2lawd,"2026-08-07 02:34:37",1421.8,2,re2lawd
816,16664565,"Wayne Chou","2026-08-05 12:30:14",1417.3,2,ambientz
817,16635418,ocean240812,"2026-08-07 08:50:56",1416.6,2,ocean240812
818,16677568,yarneo,"2026-08-08 05:36:54",1403.5,2,yarneo
819,16655534,"Charles Mills","2026-08-06 16:40:27",1400.3,2,charlesqmills
820,16651402,"Mille Initiate","2026-08-06 08:41:14",1399.8,2,milleinitiate
821,16658801,"Thuc Nguyen Dang 111","2026-08-06 09:42:04",1396.4,2,thucnguyendang111
822,16621709,smlcr,"2026-08-04 19:35:19",1395.1,2,simulacri
823,16656171,ishu,"2026-08-04 03:27:45",1394.8,2,ishhverma
824,16630312,beijijun,"2026-08-02 23:48:32",1389.9,2,beijijun
825,16632240,Deepseek的恩情还不完,"2026-08-02 17:23:11",1389.2,2,"iwanys,pedianeko,realybin"
826,16675240,Leifson1337,"2026-08-07 19:21:38",1387.4,2,leifson1337
827,16665838,wenbodai,"2026-08-06 08:15:25",1386.9,2,wenbodai
828,16660819,nya654nya,"2026-08-07 04:47:33",1385.7,2,nya654nya
829,16659435,Zerabyte_X,"2026-08-04 09:52:16",1383.8,1,zerabytex
830,16629699,radiant-allomancer,"2026-08-03 03:43:17",1383.5,2,radiantallomancer
831,16659761,cheng-han,"2026-08-06 08:16:10",1381.6,2,neoshie
832,16655396,Tesla1AC,"2026-08-08 02:21:21",1381.5,2,mathornton
833,16652339,"Mohamed Amine Rebhi","2026-08-03 16:03:07",1378.5,2,mohamedaminerebhi
834,16660853,"lxh unbound","2026-08-05 00:02:02",1373.4,2,lxhunbound
835,16660041,"Hoàng Quốc Việt ","2026-08-05 15:12:14",1370.0,2,viethwang3i
836,16644566,"Guangjian Dong","2026-08-02 23:59:18",1367.0,1,guangjiandong
837,16639507,Homii_N,"2026-08-07 22:42:13",1360.7,2,homeshwarrao
838,16662819,Feuorme,"2026-08-05 06:17:51",1359.8,2,feuorme
839,16658852,"Chhaya Awasthi","2026-08-04 09:37:05",1358.0,2,chhayaawasthi
840,16655877,"Harish K","2026-08-05 06:46:38",1355.6,2,harishk2209
841,16655493,TheDigitalCK,"2026-08-07 12:31:58",1350.3,2,thedigitalck
842,16652451,JackGong,"2026-08-03 11:32:11",1349.1,1,jackgong
843,16640388,SANNNNN,"2026-08-03 18:41:38",1346.8,2,zuhairsan
844,16629983,Amundsen,"2026-08-05 06:51:46",1346.8,2,amundsen
845,16655530,AlivRick,"2026-08-05 16:18:54",1346.2,2,alivrick
846,16664481,"Siddhu Jaykay","2026-08-06 17:34:16",1342.6,2,siddhujaykay
847,16639155,"Arturo Gutiérrez Aguilar","2026-08-04 16:08:19",1342.4,2,jarturo
848,16631261,Monster,"2026-08-04 15:46:32",1341.1,2,tmtngtrng
849,16657316,"Jason xu sk","2026-08-05 04:00:50",1340.5,2,jasonxusk
850,16665196,"Pratham Jain","2026-08-05 05:49:17",1339.8,1,kindasomethin
851,16656296,Fususu,"2026-08-04 04:02:59",1339.5,1,phuongncn
852,16625856,takai380,"2026-08-03 04:36:29",1327.7,2,takai380
853,16655693,DePie,"2026-08-04 07:54:31",1322.6,2,phucthaiv02
854,16657957,"Mounika Kommireddy","2026-08-04 17:01:23",1321.5,2,mounikakommireddy
855,16657277,"Dude and Destroy","2026-08-07 13:01:53",1320.5,2,raymondbrookman
856,16623020,Muhandro,"2026-08-02 21:16:30",1319.2,2,muhandro
857,16658777,"Jiarui (Jerry) Cao","2026-08-05 08:06:03",1316.8,2,jiaruicao7
858,16676054,"Vladislav Konstantinov","2026-08-07 11:12:34",1313.6,2,vladkonstantinov
859,16661670,sansm1,"2026-08-04 16:54:59",1313.5,2,sansm1
860,16632138,kaggle_bbgg,"2026-08-05 11:59:35",1312.5,2,kagglebbgg
861,16680408,mochogo,"2026-08-07 05:42:33",1308.7,1,mochogo
862,16643693,"Kerem çelik","2026-08-07 16:00:58",1306.5,2,keremelik
863,16654548,trynaCode,"2026-08-06 16:35:17",1305.2,2,siddarthnayak50
864,16656990,"NALLA SUMANG","2026-08-04 06:22:22",1305.1,2,sumangnalla
865,16659465,AravindLochan,"2026-08-06 08:58:29",1301.1,2,aravindlochan
866,16660152,LIH.YUN,"2026-08-04 14:11:44",1301.1,2,fxlcee
867,16627023,"Noah Farr","2026-08-05 08:02:35",1299.1,2,noahfarr
868,16657817,"rohith sai midigudla","2026-08-05 12:36:40",1297.7,2,rohithsaimidigudla
869,16644882,"SAMOILOV MIKHAIL","2026-08-03 02:10:04",1296.6,1,samoilovmikhail
870,16669282,sky233,"2026-08-06 17:06:04",1296.4,2,sky233
871,16651792,LX,"2026-08-06 09:02:23",1285.1,2,sunnylx
872,16668758,"Aman Vishwakarma","2026-08-07 18:19:51",1284.6,2,amanvishwakarma01
873,16641710,yjshyfy,"2026-08-05 12:11:42",1281.8,2,yjshyfy
874,16624651,"Zihao Zeng","2026-08-03 00:46:30",1280.9,2,zihaozeng0021
875,16664111,"John Park","2026-08-08 00:01:22",1280.2,2,sigint
876,16630752,motemen,"2026-08-06 00:37:30",1278.0,2,motemen
877,16632006,"Adwait Tagalpallewar","2026-08-03 16:29:09",1277.4,2,adwaittagalpallewar
878,16653122,Wei_Chance,"2026-08-07 12:46:59",1276.8,2,bystanderq
879,16639241,"Alissa King","2026-08-04 05:05:30",1275.8,2,alissaking
880,16643095,ckyasb,"2026-08-05 14:39:42",1269.3,2,ckyasb
881,16651804,"Bocen Li","2026-08-04 06:24:05",1268.9,2,bocenli
882,16656337,"Prashant Kikani","2026-08-04 04:03:37",1262.6,1,prashantkikani
883,16666946,pwxc00,"2026-08-08 01:06:24",1258.6,2,alert04
884,16651613,"Devin Zhou","2026-08-05 02:27:36",1252.1,2,devinzhou
885,16658261,"Manan Khanna","2026-08-04 07:41:27",1245.9,1,manankhanna0
886,16689084,Tam1m,"2026-08-08 06:48:32",1244.7,2,booleanwolf
887,16622939,"Kamal Das","2026-08-04 18:51:55",1242.6,2,kmldas
888,16644774,lungjyuanz,"2026-08-07 01:03:20",1239.2,2,lungjyuanz
889,16655582,"Yang Jinneng","2026-08-04 01:07:27",1238.0,1,adurey
890,16651331,"Mohamed Saeed","2026-08-04 18:29:50",1237.1,2,m0sm71
891,16633808,mmath2,"2026-08-07 10:52:38",1237.1,2,mmath2
892,16644160,"Saravana Rajan B","2026-08-03 05:14:00",1236.1,2,saravanarajanb
893,16651257,PursueML,"2026-08-03 09:34:56",1234.3,2,pursueml
894,16676904,fistyee,"2026-08-08 03:36:00",1232.1,2,fistyee
895,16622760,yunus_bayram_kagle,"2026-08-04 07:49:00",1231.0,2,yunusbayramkagle
896,16659843,"Amer Alkhalili","2026-08-07 19:40:00",1230.8,2,ameralkhalili
897,16653093,"willam wu","2026-08-03 15:03:01",1229.8,1,biaaib
898,16633096,anvai_agents,"2026-08-04 17:59:27",1227.7,2,"anandgaikwad7781,vaidehidhamnikar"
899,16637519,Temprao,"2026-08-03 12:16:43",1227.6,1,maruimono928
900,16652827,"Rob C","2026-08-04 07:25:20",1225.7,2,robertcheah
901,16659920,vkhydras,"2026-08-05 20:02:15",1225.2,2,vickimar
902,16667205,"Andrew Lee","2026-08-06 11:16:52",1223.6,1,andrewlee23023
903,16625921,JinchengZhang1,"2026-08-08 06:24:53",1222.8,2,jinchengzhang1
904,16644565,Suda,"2026-08-04 17:21:42",1221.6,2,chaneyma
905,16663767,"Tommy Mancino","2026-08-05 05:44:43",1219.9,2,tommymancino
906,16662176,"jorge fabian avila","2026-08-04 16:32:07",1214.2,1,jorgefabianavila
907,16663273,"Mason Frias","2026-08-06 22:57:08",1213.5,2,masonfrias
908,16632097,PavelLiashkov,"2026-08-05 11:59:30",1211.4,2,bigbag1983
909,16661376,"YERMES AMINE","2026-08-04 14:13:45",1210.4,1,yermes
910,16641489,suminshim,"2026-08-03 06:24:39",1209.9,2,suminshim
911,16665764,"izh yng","2026-08-06 13:02:07",1209.5,2,izhyng
912,16623236,"Yonatan Nemtsov","2026-08-06 00:28:01",1209.3,2,yonatannemtsov
913,16632686,strike,"2026-08-06 06:21:38",1201.1,2,nicolia
914,16640619,"Sơn Nguyễn","2026-08-05 13:42:53",1201.1,2,sonnguyen10
915,16639570,"Vishesh Banna","2026-08-04 05:37:32",1197.2,1,visheshbanna
916,16622937,"Sheep 🐑","2026-08-02 12:12:36",1186.1,2,kabilrh
917,16631421,cg,"2026-08-05 05:44:16",1185.5,2,chaitanyagarg2
918,16654235,"Mwanza Wambua","2026-08-06 10:16:13",1185.4,2,mwanzawambua
919,16663096,Agola_dasacic,"2026-08-04 20:07:50",1185.2,2,mnu303
920,16651180,yangyefd,"2026-08-03 08:42:57",1183.5,1,yangyefd
921,16661532,"Fedor Baart","2026-08-05 12:34:21",1182.2,1,fedorbaart
922,16661665,"Leonardo Viola10","2026-08-07 10:26:54",1181.0,2,leonardoviola10
923,16660318,"Aiman Al-Shalfi","2026-08-05 11:59:43",1178.5,2,aimanalshalfi
924,16670099,"Jon Snyder","2026-08-06 00:27:21",1172.5,2,snyderj1515
925,16639471,CaminoLSY,"2026-08-05 01:22:09",1170.8,2,lsy37521
926,16652630,stars_w,"2026-08-07 11:47:31",1168.7,2,starsw
927,16625082,真的懒,"2026-08-03 09:47:50",1168.2,2,gtccc9
928,16672672,Koiiiiiopen,"2026-08-08 06:25:21",1161.9,2,koiiiiiopen
929,16666805,"Ayush Patel","2026-08-08 03:23:04",1161.4,2,ayush21042004
930,16632172,Ayodeji,"2026-08-03 08:31:26",1161.0,2,ayodejiibrahimlateef
931,16633340,"Tim Zagrebelny","2026-08-03 08:53:09",1160.1,2,timzagrebelny
932,16661353,mithi,"2026-08-07 07:06:36",1156.7,2,singhaleo
933,16654946,AliLucky,"2026-08-05 15:07:59",1155.2,2,alilucky
934,16663603,xsong2020,"2026-08-04 22:36:48",1151.7,1,xstargate
935,16639732,"Junbeom Lee23","2026-08-03 12:13:44",1148.2,2,junbeomlee23
936,16622312,"Malak Reda","2026-08-03 09:02:41",1148.0,2,malak457
937,16624485,"Nishant Dahal","2026-08-05 15:04:22",1144.9,2,nishantdahal
938,16666900,sooflee,"2026-08-07 14:35:59",1143.9,2,sooflee
939,16654271,Sophie,"2026-08-07 15:36:26",1141.7,2,morty3500
940,16655633,johnny,"2026-08-06 17:58:20",1140.5,2,jonykarki
941,16655588,"The Devil's World 678","2026-08-07 10:39:23",1139.7,2,thedevilsworld678
942,16643319,Jules,"2026-08-02 16:31:37",1138.4,2,julesvanligtenberg
943,16637797,"Xiangchen Li","2026-08-04 09:47:59",1137.7,2,xiangchenli07
944,16632119,nickyl,"2026-08-08 04:54:25",1135.7,2,nickyjliang
945,16630689,yw8837,"2026-08-05 13:17:49",1132.2,2,yw8837
946,16631090,yoikoarmor,"2026-08-03 12:12:22",1131.0,2,yoikoarmor
947,16622835,"Max Manushin","2026-08-06 00:01:08",1130.8,2,innerf1re
948,16659565,Tekin24,"2026-08-05 15:33:50",1129.8,2,tekin24
949,16651833,"Hồ Khánh Duy","2026-08-04 09:48:39",1128.3,2,hkhnhduy
950,16634022,"Cihan Atak","2026-08-02 16:00:43",1128.1,2,cihanatak
951,16630111,jannchie,"2026-08-04 19:09:17",1127.5,2,jannchie
952,16622487,"Sam kramer_1028","2026-08-03 10:12:17",1127.0,2,samkramer1028
953,16623389,"Mominul Islam Hemal","2026-08-02 11:23:03",1126.4,2,mominulislamhemal
954,16622242,"Robert Koval","2026-08-04 10:48:46",1125.6,2,robertkoval
955,16667058,"Lê Quốc Duy","2026-08-08 01:03:08",1125.3,2,lqucduy
956,16671741,Excluding,"2026-08-08 06:54:32",1125.1,2,excluding
957,16645078,"A Aswanth Raj","2026-08-03 04:12:26",1124.9,2,aaswanthraj
958,16633133,"Hole Neckles","2026-08-02 10:32:28",1115.3,2,holeneckles
959,16669227,"Tom Dufresne","2026-08-07 11:17:39",1113.3,2,tadufre
960,16665399,"Shivam Shrivastava","2026-08-05 17:32:40",1112.2,1,shivamshrivastava180
961,16633083,bsenst,"2026-08-07 12:38:47",1112.0,2,bnzn261029
962,16678965,MrGS,"2026-08-08 06:04:12",1111.3,2,gabrielsderhll
963,16669089,YujieXing10,"2026-08-08 06:54:57",1111.2,2,yujiexing10
964,16622015,"Ioannis M","2026-08-06 08:12:21",1109.4,2,imeintanis
965,16622993,"Yaroslav Tanko","2026-08-05 08:03:12",1109.4,2,yaroslavtanko
966,16659942,"Abdoulaye DIAW","2026-08-07 11:36:43",1108.8,2,abdoulayediaw25
967,16643692,Samsay24,"2026-08-02 17:22:45",1108.5,1,samsay23
968,16636094,Hax2456,"2026-08-02 07:30:00",1106.9,2,hax2456
969,16639567,YassY_The_AlchemYst,"2026-08-05 22:58:45",1104.1,2,yassineelhallaoui
970,16639583,typeIIIfairy,"2026-08-03 20:05:24",1103.6,2,typeiiifairy
971,16625339,kazusw,"2026-08-08 00:07:20",1101.3,2,kazusw
972,16639230,Rylan,"2026-08-02 07:39:14",1097.8,2,liuruihan333
973,16636954,"Jeff Horon","2026-08-01 21:38:56",1096.4,2,jeffhoron
974,16622940,"Enrico Ambrosio","2026-08-06 19:56:30",1093.9,2,enricoambrosio
975,16674683,"Ali Esam","2026-08-08 00:11:15",1090.7,2,zyxsu0
976,16662904,Bharathms1902,"2026-08-07 18:58:43",1088.7,2,bharathms1902
977,16640869,taijunhao,"2026-08-04 11:10:34",1088.6,2,taijunhao
978,16675905,Amar,"2026-08-07 15:52:48",1088.0,2,kumaramar
979,16644221,"Guzha Panashe H","2026-08-05 16:55:21",1087.6,2,guzhapanasheh
980,16634036,"Emanuel Lázaro","2026-08-02 14:55:30",1086.3,2,emanuellcs
981,16629308,Sutee,"2026-08-06 21:27:48",1085.6,2,lszlst
982,16626217,"Stanislav Chistyakov","2026-08-05 18:52:47",1081.4,2,chistyakov
983,16634650,UnfriendlyAI,"2026-08-04 03:50:36",1081.3,2,unfriendlyai
984,16665133,"Abhishek Dubey","2026-08-07 21:03:56",1077.0,2,abhishekdubey911
985,16652984,hxaxd,"2026-08-05 15:09:49",1076.9,2,hxaxdcs
986,16668049,"Masayoshi Kurihara","2026-08-07 22:16:58",1075.4,2,masayoshikurihara
987,16658048,"Joel jaison 391","2026-08-05 02:31:57",1075.3,2,joeljaison391
988,16623746,Juyong,"2026-08-06 06:56:18",1073.9,2,kimdoong
989,16640811,cyberia,"2026-08-02 09:12:23",1072.2,1,cyberia
990,16632788,"Bright O.H.","2026-08-03 05:07:48",1072.1,2,brightoh
991,16632571,"nishchal jain","2026-08-03 07:27:14",1068.8,2,nishchaljainds
992,16640540,QYQ1693,"2026-08-08 06:58:05",1068.2,2,qyq1693
993,16646360,"Asrith Singampalli","2026-08-03 08:46:59",1067.6,2,asrithsingampalli
994,16640877,Yorix.um,"2026-08-02 13:31:28",1067.5,1,yorixum
995,16644145,"Mehdi Azouz","2026-08-07 16:28:01",1066.9,2,mehdiazouz
996,16639330,"Dead Signal Works","2026-08-02 12:40:32",1066.6,2,brooklynhalmstad
997,16668633,peien5,"2026-08-06 14:44:47",1066.4,2,peien5
998,16632291,"alex chilton","2026-08-07 15:32:24",1065.9,2,alexchilton
999,16667516,Rosastella,"2026-08-05 16:00:48",1064.9,2,rosastella
1000,16630984,TakamaruEX,"2026-08-08 03:11:20",1064.5,2,takamaruex
1001,16664103,izack2666,"2026-08-07 14:41:10",1064.0,2,izack2666
1002,16657637,"Ronnie Atuhaire","2026-08-07 15:29:20",1059.0,2,ronnieatuhaire
1003,16635680,starclan,"2026-08-05 13:45:43",1056.6,2,starclan
1004,16663187,"Teddy McBride","2026-08-07 03:59:53",1051.7,2,tedcr100
1005,16636725,shichi,"2026-08-06 01:53:46",1051.3,2,shichi
1006,16655353,"Pablo Montenegro","2026-08-08 04:29:04",1051.2,2,pablomontalb
1007,16639719,JASONSLIMWONG,"2026-08-02 08:11:22",1050.8,2,jasonslimwong
1008,16623128,AdamJonesJohnson,"2026-08-01 14:14:03",1050.7,2,adamjonesjohnson
1009,16678370,"Chenhao Wang","2026-08-07 06:37:46",1050.6,1,wangles
1010,16632327,midnq,"2026-08-02 03:38:02",1049.3,2,midnqly
1011,16658569,"Danu A.","2026-08-05 13:12:09",1049.0,2,eu1234
1012,16638551,SC,"2026-08-01 17:02:17",1047.5,1,ryosketchbook2007
1013,16661304,"Jonathan Roy","2026-08-07 15:30:23",1046.8,2,jonathanroy7
1014,16663933,AnshV1,"2026-08-06 03:03:35",1046.7,2,anshv1
1015,16624056,Raggriculture,"2026-08-07 11:08:56",1046.5,2,ravi123a321at
1016,16639473,"Jeff Borschowa","2026-08-02 00:39:11",1043.9,2,jeffborschowa
1017,16654419,kreiack,"2026-08-07 03:48:29",1043.4,2,kreiack
1018,16623577,"Jiayi Tang","2026-08-01 18:10:04",1043.0,2,mannguo
1019,16623448,HoJoonYun,"2026-08-08 02:14:45",1039.3,2,hojoonyun
1020,16663078,"Isabella Wu","2026-08-04 19:36:20",1039.1,1,isabellawoo01
1021,16632536,"Aleksander Sachuk","2026-08-02 21:33:27",1037.6,2,alexsssachuk
1022,16639244,"Romone Dunlop","2026-08-02 05:04:51",1037.5,2,romonedunlop
1023,16624969,tf,"2026-08-02 14:13:48",1037.0,1,tfukuhara
1024,16636105,"Md. Mehedi Hasan","2026-08-01 14:03:03",1036.2,2,mehedi052
1025,16622367,mg,"2026-08-07 12:42:02",1033.5,2,"egorkashpar,sashaboriskin,smooky"
1026,16634876,MakiMakiAi,"2026-08-02 07:52:40",1032.8,2,makimakiai
1027,16663444,Thomas,"2026-08-08 06:44:42",1032.0,2,tartieret
1028,16672035,diet1236364,"2026-08-08 01:46:54",1031.7,2,kosuke123
1029,16664128,"Michael Todd Overdorf","2026-08-08 03:38:26",1029.5,2,michaeltoddoverdorf
1030,16659749,"Kavsik YVS","2026-08-07 19:29:44",1029.4,2,kavsiku0512
1031,16657419,"Saivedant Hava","2026-08-05 06:36:39",1028.4,2,saivedanthava
1032,16666391,"Harshpreet Singh","2026-08-06 10:32:51",1027.5,2,harshpreet931
1033,16659958,brainpick,"2026-08-08 04:24:11",1026.1,2,prathvirajpalekar
1034,16637489,"Gopal Krishna Gundumalla","2026-08-02 12:39:17",1024.5,2,gopalkrishnag
1035,16641068,"Rahul Ray","2026-08-05 14:27:07",1022.6,2,rahulray5
1036,16623400,Less,"2026-08-02 01:32:24",1022.3,1,jiaoyouzhang
1037,16669466,"vuppuluri sriramsubhash","2026-08-06 08:42:50",1021.2,2,vuppulurisriram
1038,16656379,"Jay Gautam","2026-08-08 06:07:43",1017.3,2,jaygautam007
1039,16655311,"Plant City Planter","2026-08-08 00:53:11",1011.5,2,michaellombard
1040,16656274,googunmo,"2026-08-08 01:13:58",1011.4,2,googunmo
1041,16660548,"Viraj Bakshi","2026-08-07 15:25:38",1008.9,2,virajbakshi
1042,16645705,wataru420,"2026-08-07 06:02:42",1007.6,2,wataru420
1043,16655603,"Veeranuch Leelalai","2026-08-08 01:26:22",1007.4,2,veeranuchleelalai
1044,16674532,"shoaib khan","2026-08-08 01:57:11",1007.2,2,manifoldinfo
1045,16673250,Prashant,"2026-08-07 10:45:25",1006.8,2,"kajalsinghrajpoot,prashantxo"
1046,16666733,"Alberto MV","2026-08-07 03:11:32",1004.6,2,albertomv
1047,16677514,mayoristaNLP,"2026-08-07 16:37:07",1000.1,2,mayoristanlp
1048,16671017,"Pablo César Ruíz","2026-08-08 03:08:14",998.7,2,pcruiher08
1049,16658452,"The Croptimiser","2026-08-06 05:07:52",997.2,1,driessmit1
1050,16623616,nasubiman,"2026-08-01 16:20:44",995.8,2,yousukenakamura
1051,16667874,Vidushiii,"2026-08-06 16:04:32",995.5,2,vidushianand09
1052,16632950,"Adil Khabibullin","2026-08-04 15:54:11",994.7,2,adilkhabibullin
1053,16655062,KrishnaKumarSelvam,"2026-08-08 05:49:29",994.6,2,sachisgod
1054,16670020,nanare,"2026-08-07 20:35:33",993.3,2,nanaresudo
1055,16635177,Zacchaeus,"2026-08-07 07:04:15",993.1,2,zacchaeus
1056,16639973,akky,"2026-08-03 15:39:41",990.1,2,tellxxx
1057,16671738,Exposed,"2026-08-07 22:18:44",989.5,2,erickeller2
1058,16680239,"Marinto Richee J","2026-08-08 03:53:45",989.4,2,marintoricheej
1059,16638667,"Sarvesh Nikas","2026-08-05 11:44:45",988.5,2,sarveshnikas
1060,16665301,EricYang03,"2026-08-06 07:45:29",988.4,2,ericyang03
1061,16672075,"Kameron Green","2026-08-08 06:53:26",987.4,2,hgenix20
1062,16670759,"Lemmes Yad","2026-08-07 21:19:37",987.1,2,"austinsemmel,jonallday"
1063,16662653,"Jordan Schaeffer","2026-08-08 03:37:03",984.8,2,jordanmschaeffer
1064,16664241,payoon,"2026-08-07 08:24:05",982.8,2,payoon1234
1065,16656460,dlutwzh,"2026-08-08 06:48:33",982.2,2,dlutwzh
1066,16670424,"Josep Audenis","2026-08-07 17:15:51",981.9,2,josepaudenis
1067,16656659,"James Y","2026-08-08 00:10:08",980.6,2,redoctopusk
1068,16666609,"visit palja.co","2026-08-08 02:29:56",979.4,2,sselrats
1069,16637340,the_vinci_coder,"2026-08-03 16:27:16",976.1,2,lokijt
1070,16623390,"KodamaSec Labs LTD","2026-08-07 11:36:46",975.6,2,dfhgfdghfdhg
1071,16628295,qwertykeypadapple,"2026-08-07 01:36:12",975.1,2,qwertykeypadapple
1072,16633269,op_star_platinum,"2026-08-05 22:45:50",973.5,2,opstarplatinum
1073,16662050,HandsOffMyBigMelons,"2026-08-06 13:13:45",972.6,2,scrattle
1074,16634172,"Mario Cicala","2026-08-02 11:01:58",971.3,2,mariocicala
1075,16660020,"Gaddam Shiva Teja","2026-08-06 13:20:49",971.0,2,shivateja005
1076,16657904,xfhdh1,"2026-08-07 18:00:35",971.0,2,xfhdh1
1077,16676114,Gekkotron,"2026-08-08 00:05:43",969.6,2,gekkotron
1078,16679812,"Xiang Li","2026-08-08 03:45:11",964.9,2,xianglipee
1079,16623645,"ayutin tin","2026-08-07 15:39:04",962.6,2,ayutintin
1080,16642662,CdeTilly,"2026-08-06 08:49:34",962.1,2,cdetilly
1081,16663361,protoLabs.studio,"2026-08-06 18:39:50",955.5,2,protolabsstudio
1082,16635668,"Mirza Yasir Abdullah Baig","2026-08-01 10:46:16",955.2,1,myab07
1083,16667762,KucingGanteng,"2026-08-07 07:34:36",955.0,2,dhiyaussalam
1084,16648215,"Terrence Chuwe","2026-08-03 13:32:15",953.4,2,terrencechuwe
1085,16633850,Pascal,"2026-08-06 00:35:57",953.3,2,pascalledesma
1086,16664249,"Rohan Jain","2026-08-08 04:03:29",952.8,2,rohanjain2312
1087,16668123,B0RN2BL0W0UT,"2026-08-08 00:17:02",952.0,2,kadenmansur
1088,16656691,"Sahaj Deep Singh","2026-08-04 06:12:19",950.9,1,sahajdeepsingh9877
1089,16627906,"Tergel Munkhbat","2026-08-07 09:29:02",947.8,2,tergelmunkhbat
1090,16634149,"Hozuma ITOBAYASHI","2026-08-07 02:05:08",946.8,2,hozumaitobayashi
1091,16633772,ayuma,"2026-08-03 06:01:01",942.6,2,onthoze
1092,16666452,"victor souza","2026-08-07 15:52:15",942.2,2,victorcaio
1093,16664884,Abhijeetgg,"2026-08-08 06:58:32",942.1,2,abhijeetgg
1094,16654743,"Jaume Batlle i Ferrer","2026-08-08 04:31:15",941.4,2,jaumebatlleiferrer
1095,16664154,dwdwdwsdedwd,"2026-08-06 02:59:49",940.5,2,dwdwdwsdedwd
1096,16633175,"Umut Kıvanç Sipahioğlu","2026-08-04 15:51:56",940.3,2,umutkvansipahiolu
1097,16634582,"Tarun Chaudhary","2026-08-05 18:11:11",939.9,2,tarunchdev
1098,16667880,BONPU👨‍🌾,"2026-08-08 02:39:22",938.5,2,"shin9915,syamoji141chan"
1099,16668668,"George Byne","2026-08-08 00:58:52",937.7,2,georgebyne
1100,16679295,Mk26,"2026-08-07 16:24:57",937.2,2,manishk26
1101,16663356,Farm-ops,"2026-08-06 23:27:37",935.5,2,"dakotavannauker,tsho01"
1102,16639492,"Vishnu R Mohan","2026-08-07 17:17:16",935.3,2,vishnurmohan
1103,16630519,"Mehmet Özer","2026-08-01 16:51:55",934.8,2,ozermehmet
1104,16672709,"RS Turley","2026-08-07 15:13:37",934.4,2,rturley
1105,16632426,Santhana,"2026-08-02 07:49:34",934.2,1,santhanalekshmic
1106,16630741,mrk,"2026-08-05 09:49:44",933.9,2,matsubaratakuji
1107,16668021,"bali rasem","2026-08-07 16:15:13",931.8,2,balirasem
1108,16635872,"Evgeniya Dmitrieva","2026-08-01 11:48:30",931.7,1,evgeniyadm
1109,16668361,NinhNguyen,"2026-08-08 01:29:09",931.1,2,ninhnt110695
1110,16656013,Asuran,"2026-08-07 10:06:05",929.9,2,zkasuran
1111,16666242,"Lalwani Palash","2026-08-07 09:40:42",928.7,2,lalwanipalash
1112,16681749,"rohith vinice","2026-08-08 06:32:15",926.7,2,rohithvinice
1113,16652212,Pizzaboi,"2026-08-07 06:43:22",924.4,2,asimandia
1114,16634493,xixi,"2026-08-01 09:51:45",922.2,2,huangcarry26
1115,16635670,"Mr.S hanakosan","2026-08-08 04:50:05",922.2,2,earlgreytea15
1116,16663614,Nevska,"2026-08-08 05:38:58",921.6,2,nevska
1117,16645712,"Changye Li","2026-08-04 02:08:15",921.4,2,antoinegg1
1118,16664828,Leon,"2026-08-08 01:40:12",921.0,2,leonmyl
1119,16658272,"Yash Katiyar","2026-08-07 19:24:52",921.0,2,yashkatiyar409
1120,16637898,"Marek Nurzynski","2026-08-01 16:06:46",920.4,1,marek3000
1121,16623555,yindujuxi,"2026-08-01 10:11:35",920.0,2,yindujuxi123
1122,16679245,"Krzysztof Gonia","2026-08-07 09:09:50",919.5,2,krzysztofgonia
1123,16656501,"Thái Phạm Công","2026-08-05 03:59:47",919.0,2,thaipc
1124,16667233,EdGy2k,"2026-08-08 03:48:40",918.8,2,edgy2k
1125,16675351,-Beterraba,"2026-08-07 00:36:18",918.7,2,"afonsoo,miguelottoni"
1126,16639810,gytdrop,"2026-08-07 16:41:49",918.5,2,"kartikeyrajbhar,shaikaktharali"
1127,16655142,"Stanislav Kuznetsov","2026-08-07 17:18:49",917.8,2,drtduck
1128,16654707,ManasviSharma,"2026-08-08 07:07:51",915.0,2,manasvi821
1129,16640816,pawaraman,"2026-08-02 19:46:52",914.6,2,pawaraman
1130,16665342,Prothos,"2026-08-07 23:17:33",914.5,2,vjuenemann
1131,16668269,"Rashi Jain07","2026-08-05 17:46:37",913.9,1,rashijain07
1132,16632224,yamakawanin,"2026-08-01 07:02:58",913.5,2,yamakawanin
1133,16635796,MugaBros,"2026-08-04 05:27:02",913.4,2,"drrocktotpalkonwarh,monjyotid"
1134,16624277,"D S S Kumar","2026-08-04 17:41:28",912.4,2,satrusskumar
1135,16666341,"Ege Güvener","2026-08-06 08:16:45",912.0,2,egegvener
1136,16633923,JackyFan123,"2026-08-01 15:22:04",911.5,2,jackyfan123
1137,16657397,"QSS Technosoft AI Team","2026-08-05 07:47:00",910.8,2,"kunalthedev,nishantkumarabes,prathamydvv,prishagdev,shreyakchakraborty"
1138,16656162,Marisyn,"2026-08-06 11:13:09",910.6,1,marisyn
1139,16630758,"Keshav Joshi","2026-08-08 02:30:47",910.6,2,keshavjoshi22
1140,16623886,onepunch999,"2026-08-01 07:30:37",910.4,2,onepunch999
1141,16655195,Pirhosseinlou,"2026-08-07 14:01:06",909.5,2,pirhosseinlou
1142,16658602,aldoktvns,"2026-08-04 15:51:08",908.0,2,alrette
1143,16642846,"Leonid Zaporozhets","2026-08-02 20:03:13",908.0,2,leonidzaporozhets
1144,16671646,Luche,"2026-08-08 04:23:32",907.1,2,henrylucky
1145,16633100,"Emile Andrieu","2026-08-04 15:26:52",906.6,2,emileandrieu
1146,16661768,"Lợi Trần Bảo","2026-08-08 02:51:30",906.6,2,litrnbo
1147,16658043,"Tran Huy Hoang1312","2026-08-05 01:58:39",906.1,2,tranhuyhoang1312
1148,16635504,"Datta Dhebe","2026-08-06 16:05:14",906.1,2,dattadhebe
1149,16654542,JayveerSingh6,"2026-08-07 08:02:31",905.6,2,jayveersingh6
1150,16665294,"Thái Văn Tài","2026-08-05 07:09:51",905.4,2,thivnti
1151,16659174,Soulwood,"2026-08-07 12:48:30",904.9,2,soulwood
1152,16670214,"Louis @ tradeInsight.ai","2026-08-08 04:20:34",904.4,2,louisquart
1153,16639550,"HIDEYO CHIBA","2026-08-08 01:23:27",902.8,2,hideyochiba
1154,16673346,gabrielep09,"2026-08-07 11:35:51",902.5,2,gabrielep09
1155,16631573,uesi,"2026-08-01 12:04:04",902.1,1,uemura687
1156,16666204,"David Nana Kofi Ofosu-Arko","2026-08-05 11:04:42",901.5,2,davidnanak
1157,16670420,"Mihir Argulkar","2026-08-07 20:03:15",901.5,2,mihirargulkar
1158,16632620,"this is lsm","2026-08-03 05:54:45",901.2,2,thisislsm
1159,16668168,"Ashutosh Ghodasara","2026-08-07 14:24:38",901.1,2,"asce09,attiraina,hashlord"
1160,16674324,"luca fregona","2026-08-07 11:03:51",901.1,2,lucafregona
1161,16636454,epigene,"2026-08-02 10:14:52",900.9,2,nadhu59648
1162,16668998,WarRusher,"2026-08-07 14:29:14",900.0,2,warrusher
1163,16623736,Garigariyong,"2026-08-07 12:17:09",899.1,2,garigariyong
1164,16665816,Vikas1306,"2026-08-05 10:55:25",897.7,1,vikas1306
1165,16675753,Khafidin,"2026-08-08 05:52:33",896.2,2,khafidin
1166,16656496,"Vaibhav Gupta","2026-08-08 04:30:54",896.1,2,vaihero
1167,16680144,AM,"2026-08-07 09:27:24",895.0,2,adammekky
1168,16635818,F.A.Nina,"2026-08-01 11:22:17",894.8,1,nina2025
1169,16663678,"Fabiano Adelino","2026-08-08 05:38:10",894.3,2,fabianoadelino
1170,16635004,"jacob OKOTH O","2026-08-02 05:57:05",893.9,1,jacobokotho
1171,16623488,"Kevin E R MILLE","2026-08-02 01:45:26",893.5,2,kevinermille
1172,16654456,"Tristan Peng","2026-08-07 16:36:33",891.2,2,tristanpeng
1173,16635421,"Lennart Haupts","2026-08-01 10:13:08",890.9,1,lennarthaupts
1174,16631215,"Hira Norm","2026-08-06 16:00:36",890.9,2,hiranorm
1175,16655340,LGarcia10,"2026-08-08 04:32:25",890.6,2,leonardogarcia10
1176,16667630,Sparsh389,"2026-08-06 15:46:09",890.5,2,sparsh389
1177,16634824,yuki16,"2026-08-01 06:41:38",890.1,1,yuki16
1178,16658224,"Daniel Gallardo Gómez","2026-08-07 08:17:24",890.1,2,danielgallardogmez
1179,16681405,"Yusuke Hayashi","2026-08-08 04:17:33",889.7,1,yhay81
1180,16645297,Mark_RowSet,"2026-08-07 12:27:52",889.3,2,markrowset
1181,16658081,ando,"2026-08-06 11:37:59",889.2,2,andoshunsuke
1182,16686787,"Lars Kammeijer","2026-08-07 21:31:11",888.3,2,larskammeijer
1183,16655339,harmo-miu,"2026-08-07 12:19:13",887.0,2,harmomiu
1184,16671837,"Ronald K Wilson ","2026-08-07 05:24:12",886.5,2,ronaldkwilson
1185,16670361,"Saud Saudesen","2026-08-07 21:11:10",885.9,2,saudsaudesen
1186,16664291,"William Dennis","2026-08-08 00:01:13",884.9,2,williamdennis
1187,16651661,"Quyền Thịnh","2026-08-07 06:27:45",884.9,2,quynthnh
1188,16677149,"Umataro Tenma","2026-08-08 00:09:28",884.6,2,umatarotenma
1189,16656514,Praveen,"2026-08-08 00:51:07",883.1,2,praveensahukari
1190,16661943,"Cow Wizard","2026-08-08 02:07:46",880.1,2,cowwizard321
1191,16679861,Pandabueno,"2026-08-08 02:10:38",878.3,2,ronaldomonzn
1192,16655013,"Adrian Martinez 1111","2026-08-07 14:37:15",878.1,2,adrianmartinez1111
1193,16639844,MaxChen303,"2026-08-08 03:41:01",878.1,2,maxchen303
1194,16666648,"Sriram Reddy19","2026-08-06 08:40:07",877.1,2,sriramreddy19
1195,16650160,nori8774,"2026-08-07 00:29:10",877.0,2,norimasayamamoto
1196,16623697,yuto083,"2026-08-04 07:21:50",876.0,2,yuto0712
1197,16664149,"Bushel Seed","2026-08-08 03:41:01",875.2,2,dmyung
1198,16664246,"Sida Zuo","2026-08-07 05:42:26",874.8,2,sidazuo
1199,16666195,"Yihan Guo","2026-08-07 09:33:19",874.4,2,yihanguo
1200,16654855,"Pedro Rezende Gomes","2026-08-06 00:41:30",873.9,2,pedrorzgomes
1201,16660600,"Beria Kalpelbe","2026-08-07 13:46:47",872.0,2,beriakalpelbe
1202,16656912,"Sami Ali","2026-08-07 00:48:33",871.1,2,mrsamiali
1203,16624888,okome_niigata,"2026-08-06 06:47:17",870.7,2,okomeniigata
1204,16665829,Shadowfishes,"2026-08-06 23:34:03",870.0,2,"boandme,ronitagarwal1,shauryasahdev2"
1205,16671314,"Robot Farm","2026-08-08 04:42:55",869.4,1,codearranger
1206,16667242,"Gleb Tumanov","2026-08-07 03:41:26",868.8,2,crachton
1207,16641348,wata,"2026-08-03 11:29:04",867.9,2,iwatahiroki
1208,16652849,Hejunhui,"2026-08-05 13:57:18",867.6,1,website98
1209,16657610,"H Bharath","2026-08-06 06:00:25",867.4,2,hbharath
1210,16677366,Gmmastermind,"2026-08-07 01:19:13",865.0,2,gmmastermind
1211,16633928,ghostiee11,"2026-08-01 01:33:25",864.6,1,ghostiee11
1212,16675888,"Rob Gonzalez","2026-08-07 17:04:24",864.5,2,robg475
1213,16631353,"Shivam Shinde","2026-08-01 15:29:24",863.5,2,shindeshivam
1214,16660805,"Ramon van Dijk","2026-08-05 05:48:21",862.8,2,ramonvandijk
1215,16663784,Aniketh2k7,"2026-08-06 06:16:19",860.2,2,aniketh2k7
1216,16661529,"AL Najafi","2026-08-08 03:39:39",859.0,2,alnajafi
1217,16657570,"Guruprasad Parasnis","2026-08-05 04:40:38",858.3,2,guruprasadparasnis
1218,16664112,"Ethan Hung","2026-08-07 23:14:11",857.6,1,chinesegorilla99
1219,16656948,"alexander kern","2026-08-07 14:19:13",857.5,2,alexanderkern
1220,16666571,"Zhengxu Yu","2026-08-07 13:26:50",856.3,2,zhengxuyu
1221,16663681,"Petar Knezevic","2026-08-06 06:09:43",855.7,2,petarknezevic1
1222,16630559,khan,"2026-08-02 12:18:56",855.6,2,khansolov
1223,16630501,"Haris Ahmed","2026-08-06 22:21:29",853.8,2,harisahmedgenai
1224,16668868,tawashi,"2026-08-08 05:56:39",853.7,2,tawashi
1225,16635663,"Pascal Pfeiffer","2026-08-07 17:31:28",853.3,2,ilu000
1226,16660385,"Jose Santiago Echevarria","2026-08-08 01:53:36",852.5,2,jmsechevarria
1227,16654746,"Michael Mullen","2026-08-06 11:08:31",852.5,2,mmullen200
1228,16641130,LitvinKA,"2026-08-04 18:09:01",851.7,2,litvinka
1229,16686222,"Nika Chaduneli","2026-08-07 19:52:56",848.6,2,nikachaduneli
1230,16634156,"Hiroyasu Okuno","2026-08-01 15:06:25",847.1,2,hiroyasuokuno
1231,16669392,cobrapigeon,"2026-08-08 05:39:44",847.0,2,cobrapigeon
1232,16631400,JZ,"2026-08-05 00:23:27",845.5,2,zhoujiachen
1233,16677774,"Abdulatif Mahgoub","2026-08-08 00:10:03",844.0,2,abdulatifmahgoub
1234,16663591,"Joseph Franck","2026-08-07 15:55:10",843.3,2,josephfranck
1235,16630711,"Aleks Lviv","2026-08-03 18:57:05",843.2,2,alekslviv
1236,16679987,"Said Mohamed Omary","2026-08-08 07:04:07",842.8,2,saidmohamedomary
1237,16665517,"RUEI-HSIANG. CHANG","2026-08-06 11:41:59",841.5,2,rueihsiangchang
1238,16658738,Aman,"2026-08-05 11:12:10",841.1,2,amank95amank95
1239,16655044,"Darius Kolycius","2026-08-04 09:49:01",839.9,2,dariuskolycius
1240,16660491,"Ryan Hancock","2026-08-07 19:25:28",837.9,2,rychanfox
1241,16632214,roomer,"2026-08-06 07:58:06",837.0,2,"matsuphy,mqme526,yasunamiura"
1242,16664003,"Nakul Rajpal","2026-08-05 06:29:24",836.6,2,nakulrajpal
1243,16668056,"Quantum Farm","2026-08-07 08:57:29",834.9,2,"anselem7,divineokwueze,nnanyereuzoma"
1244,16675475,"Andrey Aristov","2026-08-07 17:56:53",833.5,2,andreyaristov
1245,16660477,SeaGoat,"2026-08-08 03:11:15",833.1,2,vbandaru
1246,16639223,"SIDHAARTH SHREE","2026-08-04 22:49:19",832.1,2,sidhaarthshree
1247,16655449,tcvieira,"2026-08-06 18:20:34",831.7,2,tcvieira
1248,16623644,Accer_sz,"2026-08-02 00:27:32",831.1,2,accersz
1249,16658937,SebastianQbiak,"2026-08-05 06:20:18",831.0,2,sebastianqbiak
1250,16664804,ryanovovo,"2026-08-05 18:02:38",830.7,2,ryanovovo
1251,16664457,yaohongfu,"2026-08-08 06:33:16",828.4,2,yhfwww
1252,16659890,"Cu Spoon","2026-08-06 22:02:52",828.1,2,cuspoon
1253,16659093,YangGod,"2026-08-07 11:26:35",827.8,2,yanggod
1254,16629844,IsaacJinyu,"2026-08-01 15:39:55",825.3,2,isaacjinyu
1255,16667500,jiannebab,"2026-08-07 12:42:00",824.4,2,jiannebab
1256,16632994,primal,"2026-08-06 21:37:58",823.8,2,primalhost
1257,16677337,"xi luo","2026-08-07 22:55:39",823.7,2,xiluo00
1258,16664790,"soumic 1088","2026-08-07 14:02:49",822.9,2,soumic1088
1259,16670356,"Dziriyin wa9il","2026-08-08 03:20:41",822.3,2,"akumanomu,alioualaeddine"
1260,16654351,"Manish Kumar","2026-08-04 07:45:22",821.9,2,manishkumarphd2000
1261,16664041,"an Expired Engineer","2026-08-06 09:22:01",821.0,2,sanggusti
1262,16677723,"Trip Meiners","2026-08-08 00:30:49",820.7,2,tripmeiners
1263,16671438,"Aot Chanthorn","2026-08-07 15:32:54",820.3,2,aotchanthorn
1264,16664024,"Juan David Bolanos","2026-08-07 15:22:55",819.7,2,juandavidbolanos
1265,16659341,Aryan88097,"2026-08-05 17:26:57",819.2,2,aryan88097
1266,16678638,Loshtradz,"2026-08-07 22:25:24",818.1,2,loshtradz
1267,16678872,ibrahim,"2026-08-07 15:33:44",817.8,2,skyfish77
1268,16658830,"Farhat Pachisa","2026-08-07 02:01:22",817.4,2,farhatpachisa
1269,16626732,islet,"2026-08-05 03:56:18",817.1,2,kojimar
1270,16669489,"Yichi Zhang","2026-08-07 18:02:22",815.9,2,yichizhang12
1271,16675161,iVl44d,"2026-08-07 13:30:54",815.3,2,ivl44d
1272,16655199,"Alexander Ulrich","2026-08-06 04:20:18",813.9,2,alexanderulrich01
1273,16668439,Lugas024,"2026-08-08 05:33:51",812.3,2,lugas024
1274,16625050,`,"2026-08-03 05:53:43",812.1,2,ktverdov
1275,16662094,"moncef elm","2026-08-07 21:47:43",810.7,2,moncefelm
1276,16685548,"Erfan Eshratifar","2026-08-07 18:28:10",810.6,2,erfaneshrati
1277,16662375,"Yunusa Hussein Adeiza","2026-08-08 05:35:21",810.3,2,yunusahusseinadeiza
1278,16658686,"Alpesh Kumar","2026-08-08 06:12:31",810.0,2,alpeshkumar
1279,16655477,"Nitesh Ranjan Singh","2026-08-05 15:57:45",809.0,2,niteshranjansingh
1280,16657576,"SUBHASH B","2026-08-06 17:01:15",807.9,2,subhashb21022
1281,16670698,"Tamerlan Dadashov","2026-08-07 14:04:13",807.2,2,tamerlandadashov
1282,16646318,Kaminoko,"2026-08-07 08:17:28",806.9,2,chrisopherjoshy
1283,16655423,"Roland Luethy","2026-08-07 18:25:53",806.7,2,rluethy
1284,16673477,ArtFix,"2026-08-07 13:02:38",805.5,2,artfix
1285,16677847,BlackPearls1,"2026-08-08 02:46:16",805.0,2,blackpearls1
1286,16624941,"KO Ho Tin","2026-08-08 07:05:06",804.7,2,b14ckc4tmr
1287,16665942,"Satvik R Shetty","2026-08-08 03:50:17",803.9,2,satvikrshetty
1288,16655521,"Hemadri Rajyaguru","2026-08-04 02:12:55",803.8,2,hemadrirajyaguru
1289,16660345,"Aadhithya Ramesh","2026-08-06 08:49:10",803.7,2,aadhithyaramesh
1290,16675708,"Mahder Tesfaye Abebe","2026-08-07 22:00:31",803.0,2,mahdertesfayeabebe
1291,16669393,"ÖMER FARUK YILMAZ","2026-08-07 19:54:59",802.6,2,ofyzero
1292,16676762,"Tomas Escobar Rivera","2026-08-06 20:46:00",801.6,2,tomasescobarrivera
1293,16632266,"(ノ◡ <)","2026-08-04 12:27:27",801.2,2,nawfeelrahman1124444
1294,16669561,"Nikunj Pahwa","2026-08-08 05:57:10",800.7,2,nikunjpahwa
1295,16663403,"Matthew Huang","2026-08-07 01:07:06",800.5,2,matthewwh
1296,16663656,АндрійКавецький,"2026-08-07 18:54:04",800.4,2,andriykavetsky
1297,16661509,FeedMeSeymour,"2026-08-08 01:50:14",799.8,2,michaelgreenhut
1298,16667514,"Kakarott 10","2026-08-06 09:05:43",798.9,2,kakarott10
1299,16663584,"Deployable LLMs","2026-08-08 06:48:57",798.2,2,"lucasveronese,planetoidleser,sinhakprat"
1300,16655571,yuken,"2026-08-07 13:27:53",796.3,2,yukenai
1301,16655128,"Somasundar V","2026-08-07 16:55:27",795.7,2,somasundarv
1302,16670313,HamzZZzzZZa,"2026-08-06 22:01:28",795.6,2,memesalot
1303,16656519,"Chris Laska","2026-08-08 00:24:28",795.1,2,chrislaska
1304,16663437,inversion,"2026-08-04 20:44:41",794.9,1,inversion
1305,16688265,"Kyle #2","2026-08-08 02:56:31",794.0,2,georgeturbo
1306,16621153,"Addison Howard (ineligible)","2026-08-05 14:42:38",791.9,2,addisonhoward
1307,16661650,"Docker container","2026-08-07 20:53:37",790.7,2,yossefaymanzedan
1308,16661210,vizyourdata,"2026-08-07 11:05:08",790.5,2,vizyourdata
1309,16621523,"Victor Orihuel","2026-08-07 07:33:04",790.5,2,victororihuel
1310,16655610,GPTatoes,"2026-08-06 09:24:53",789.9,2,"angran,kaixuanosmas"
1311,16661564,yang20251228,"2026-08-08 03:41:14",789.8,2,yang20251228
1312,16632510,shi_koyo,"2026-08-04 08:58:56",789.6,2,shikoyo
1313,16634204,"m-toshi desu","2026-08-01 06:20:37",789.5,2,mtoshidesu
1314,16634519,"Darshan Makwana","2026-08-05 11:57:36",789.5,2,ellipticaloranges
1315,16638031,vlad101,"2026-08-07 14:01:49",788.2,2,vlad101
1316,16655140,Efthimios,"2026-08-06 01:24:42",787.9,2,efthimiosfousekis
1317,16684674,"Ch Muhammad Umer ","2026-08-07 15:47:26",787.9,2,chmuhammadumer
1318,16666939,20237208_黄奕恺,"2026-08-06 11:57:02",786.8,2,mrhuangyy
1319,16639867,vibecoder,"2026-08-08 05:34:55",786.7,2,kunal808
1320,16666296,A.P.R.I.L,"2026-08-08 04:50:23",786.5,2,puneeth333
1321,16657172,Honkazu,"2026-08-06 12:38:07",786.2,2,janposlusny
1322,16664313,CompilingCoder,"2026-08-06 09:38:17",785.8,2,compilingcoder
1323,16660005,DreamX5678,"2026-08-06 07:55:06",785.7,2,dreamx5678
1324,16681660,"Parham Ghazanfari","2026-08-07 20:18:18",784.9,1,parhamghazanfari
1325,16635848,KartoplyanePure,"2026-08-07 20:15:10",783.9,2,"danylotovp,wizardmp"
1326,16640058,"Justin CH123","2026-08-07 11:48:47",783.3,2,justinch123
1327,16671088,jasonstillchasin,"2026-08-07 06:34:43",783.1,2,jasonstillchasin
1328,16661772,R3ddrag0n,"2026-08-07 09:58:48",783.1,2,r3ddrag0n
1329,16682892,"Alvaro Llamojha","2026-08-07 20:13:44",783.1,2,alvarollamojha
1330,16662213,"Yang Zong-Yu phD","2026-08-07 15:33:01",781.8,2,yangzongyuphd
1331,16654761,"Mohammed Mukthar","2026-08-05 02:06:15",781.1,2,mohammedmukthar9
1332,16664134,"Pelayo Fernández","2026-08-07 10:36:48",780.3,2,pelayofdez
1333,16661225,"Menelik Zafir","2026-08-06 16:26:29",779.8,2,monibeefudgekins
1334,16663766,"Anup Gautam","2026-08-08 01:29:10",778.8,2,anupanda
1335,16658618,"philip georgiev","2026-08-07 09:04:53",778.0,2,philipgeorgiev
1336,16654752,Agrofitting,"2026-08-07 18:30:14",777.6,2,"evvfebruary,vinch97"
1337,16655039,"Andrew Yip","2026-08-06 20:14:49",777.3,2,yipcma
1338,16644303,"kevin zhou","2026-08-07 19:02:37",776.7,2,kevinzhou66
1339,16660711,ricardo,"2026-08-06 00:50:30",776.5,2,magania
1340,16663618,Anthaus,"2026-08-07 22:10:45",776.0,2,anthaus
1341,16687594,"Andrew Markley","2026-08-07 22:36:19",775.7,2,andrewmarkley1
1342,16661898,Farfadet,"2026-08-06 08:35:51",775.7,2,farfadet
1343,16678246,"Mark Holloway","2026-08-08 01:28:19",775.3,2,markholloway
1344,16633950,"Matt Motoki","2026-08-01 16:42:24",774.9,2,mmotoki
1345,16657798,"Ian Kim","2026-08-06 05:07:10",774.8,2,ianpkim
1346,16622338,github/shepsci/kaggle-skill,"2026-08-03 18:50:18",774.7,2,shepscientific
1347,16665700,ZZGGQQ,"2026-08-07 04:42:40",774.3,2,zzggqq
1348,16670210,"Ali Alghaithi","2026-08-07 05:01:56",773.9,2,alioman
1349,16684886,HTHub,"2026-08-08 00:12:47",773.3,2,adegokesaidi
1350,16651593,"huanxian chen","2026-08-07 10:51:49",773.0,2,huanxiachen
1351,16661066,"André Kuster","2026-08-06 00:54:20",772.8,2,andrkuster
1352,16672858,Lyesterday,"2026-08-06 08:45:47",772.7,2,ilyas93
1353,16675074,ahiokk,"2026-08-07 07:58:44",772.6,2,ahiokk
1354,16656690,"Sushant Kumar (xWF)","2026-08-06 04:44:38",772.4,2,sushantkumarxwf
1355,16671237,"Jose Alejandro Rivera Jaramillo","2026-08-07 18:13:13",772.2,2,alejandroriveraj
1356,16677752,"Senya Ka","2026-08-07 21:59:15",772.0,2,m1greatcool
1357,16625047,BOBQWERA,"2026-08-02 06:34:18",771.9,2,bobqwera
1358,16679848,Nikola010,"2026-08-08 01:51:50",770.8,2,nikola010
1359,16667258,"Firman Imam","2026-08-05 12:49:06",770.5,1,piririp
1360,16634246,just_calculate,"2026-08-04 08:34:55",769.7,2,justcalculate
1361,16683282,ayushk_empire,"2026-08-08 06:36:56",768.8,2,ayushkempire
1362,16639705,"Yuta Tomimasu","2026-08-07 13:02:39",768.5,2,yutatomimasu
1363,16670453,"Siddiq Shah","2026-08-08 06:01:18",768.5,2,"muhammadmustafaxo,siddiqshah"
1364,16668720,"etienne duplessix","2026-08-06 14:57:24",767.8,2,etienneduplessix
1365,16641171,"Sadettin Şamil Verdil","2026-08-07 14:18:04",767.5,2,sadettinamilverdil
1366,16675582,DavidX,"2026-08-08 07:01:56",767.3,2,davidasx
1367,16659430,"John Keith Weber","2026-08-08 00:12:35",766.9,2,johnkeithweber
1368,16677105,"Chaitanya Yadav","2026-08-07 16:52:51",766.5,2,xhaitanya
1369,16656871,"Pedro Henrique","2026-08-07 03:37:29",765.9,2,pedrohets
1370,16670371,rkd,"2026-08-08 04:45:17",764.9,2,ryookd
1371,16662421,"Aparna Mantha","2026-08-06 17:23:34",764.4,2,aparnam91
1372,16670879,djschmit,"2026-08-06 06:48:21",763.8,1,djschmit
1373,16641183,"Team Name Pending","2026-08-02 12:14:59",763.4,2,"abdaathaillahhadyan,oliverspiby"
1374,16657095,"Prashant Kumar","2026-08-07 10:40:06",763.2,2,praskr
1375,16682318,Bibek,"2026-08-07 12:10:06",761.9,2,bibek777
1376,16660119,"Dhruva Das","2026-08-05 17:05:52",761.8,2,dhruva77
1377,16666632,to1_10i,"2026-08-06 17:41:23",761.1,2,to110i
1378,16680290,prospers,"2026-08-07 16:29:37",760.5,2,prospers
1379,16659418,"Fonge Bertin","2026-08-06 09:26:33",760.4,2,fongebertin
1380,16674831,"nk for work","2026-08-08 01:18:32",759.8,1,nkforwork
1381,16657265,"Hemant Kumar","2026-08-05 15:17:20",759.2,2,hemantrajputt
1382,16666165,ChrisLeiteScha,"2026-08-08 06:41:09",758.2,2,chrisleitescha
1383,16672251,"Kavinkumar M","2026-08-08 06:07:06",758.1,2,kavinkumarrkm
1384,16677231,"Ahmed Bootaan","2026-08-06 18:08:52",758.1,2,ahmedbootaan
1385,16670544,"William Rients","2026-08-06 00:01:02",757.5,2,williamrients
1386,16655527,"Saurabh Kumar","2026-08-06 08:14:52",757.5,2,sk25oct
1387,16656011,"Jiashun Tan","2026-08-08 07:08:38",757.4,2,jiashuntan
1388,16653828,Boltuzamaki,"2026-08-06 16:30:49",757.3,2,boltuzamaki
1389,16678666,"Rudranarayan Pradhan","2026-08-08 06:48:22",757.0,2,itzrnp
1390,16668817,"Sean ODonnell","2026-08-08 03:27:47",756.7,2,sjean11
1391,16657871,Lucienne,"2026-08-05 03:13:59",756.4,2,yangnianan
1392,16639043,"saroj bono","2026-08-08 00:57:44",754.8,2,sarojbono197
1393,16671454,Shadow,"2026-08-07 02:32:35",754.7,2,uziahmd
1394,16646970,juewang1p,"2026-08-07 03:27:11",754.2,2,juewang1p
1395,16663677,"Aghazie David","2026-08-07 00:32:14",753.3,2,aghaziedavid
1396,16669396,Fleo98,"2026-08-06 21:24:34",752.9,2,fleo98
1397,16658477,"chathura prasadh9817","2026-08-06 07:18:04",752.1,2,chathuraprasadh9817
1398,16628456,kiro,"2026-08-05 15:34:38",750.6,2,kirosamurai
1399,16657877,zigiella,"2026-08-07 16:59:10",750.4,2,zigiella
1400,16687901,Khalid,"2026-08-08 05:03:10",750.2,2,khalid000000
1401,16655255,MalelizarazoP,"2026-08-08 06:27:02",748.6,2,malelizarazop
1402,16652173,"Shardul Gharat","2026-08-06 10:07:36",747.8,2,shardulgharat
1403,16633222,maxingkong733,"2026-08-02 13:34:30",746.9,2,maxingkong733
1404,16659367,"Tayyab Aamir","2026-08-06 10:59:49",746.8,2,duketi
1405,16665395,"bachi idriss","2026-08-07 08:33:01",746.6,2,bachiidriss
1406,16630837,"Vishal Sharma","2026-08-05 18:24:44",745.7,2,vishal40182
1407,16621811,"Shaun Andrade","2026-08-01 00:44:42",745.6,2,shaunandrade
1408,16676455,"Sarthak Sharma ","2026-08-08 05:55:18",744.6,2,sarthaksharma14
1409,16657807,"Ragav Rida","2026-08-07 16:22:34",744.3,2,ragavrida
1410,16658106,"Devam juthani","2026-08-05 08:18:14",743.7,2,devamjuthani
1411,16628951,"Hiro Nomo","2026-08-08 05:40:44",743.1,2,morinokuma3
1412,16635145,"Isaac Menard","2026-08-05 21:11:36",742.7,2,isaacmenard
1413,16658252,"Krishnan CS","2026-08-07 17:11:53",741.5,2,krishnanchathadi
1414,16654623,"Asher Goldstein","2026-08-08 01:44:14",741.4,2,ashergoldsteincd21
1415,16658213,"Ahmet Abdullah Gültekin","2026-08-04 09:15:18",741.3,1,abdullahgultekin
1416,16664119,FSzekut,"2026-08-07 00:03:04",741.2,2,fszekut
1417,16633379,"Artem Prokhorov","2026-07-31 20:53:32",740.4,1,catfield123
1418,16679560,"soufiane Lasfar","2026-08-08 00:12:30",740.3,2,soufianelasfar
1419,16674948,habe.sq,"2026-08-08 05:39:46",739.3,2,habesq
1420,16654791,"Dev Rath","2026-08-07 03:43:53",739.0,2,devbratrath
1421,16652741,"Sergi Bas","2026-08-07 18:54:07",739.0,2,sergibas
1422,16664205,"shr Wei","2026-08-07 05:07:13",738.4,2,shrwei
1423,16639577,Haitaks,"2026-08-04 17:33:55",738.2,2,haitaks
1424,16667143,"Noct-Tech zombie","2026-08-06 13:46:51",738.0,2,jo3thaboss
1425,16655744,"Ademola Arigbabuwo","2026-08-05 08:46:24",737.7,2,princedemo
1426,16640845,"tang yangzhou","2026-08-04 21:36:09",737.4,1,tangyangzhou
1427,16672264,iiTz_AK,"2026-08-08 05:08:23",737.0,2,iitzak
1428,16623732,A.S.TENSHU,"2026-08-07 18:21:37",736.9,2,kirvk013
1429,16670933,Pat,"2026-08-06 10:26:21",736.6,2,junseia
1430,16634316,"Cao Tùng Lâm","2026-08-03 20:45:50",733.9,2,liamislazy
1431,16631772,yuki,"2026-08-03 17:39:58",733.5,2,yururoi
1432,16669595,evanca,"2026-08-07 09:35:53",733.2,2,evanca
1433,16667794,knadithyavr,"2026-08-05 15:40:16",733.1,2,knadithyavr
1434,16658009,"Lando Wang","2026-08-05 02:18:17",733.1,2,landowang
1435,16669666,RhoenSprudel,"2026-08-06 13:57:40",732.4,2,rhoensprudel
1436,16658962,"Fabian Friedland","2026-08-06 15:58:37",732.3,2,fabotelli
1437,16680342,Game_khó_vkl,"2026-08-08 05:37:45",730.2,2,maruusha
1438,16658019,ไอติวบ้านปังมาเอาแช้มมมม,"2026-08-07 18:05:56",729.8,2,tewnabhat
1439,16674605,Versilogic,"2026-08-07 03:33:10",729.5,2,versilogic
1440,16621354,pengshy,"2026-08-06 04:54:01",727.8,2,dm15336142
1441,16655272,"Artur Sakhiullin","2026-08-07 00:00:17",727.8,2,artursakhiullin
1442,16637649,cameronezrajones579,"2026-08-07 02:16:33",727.3,2,cameronezrajones579
1443,16653303,F4,"2026-08-06 01:43:09",727.1,2,"chen2yoimiya,huaidezhang,wahuwahuwahu,zrurfa"
1444,16636808,"Kaito Ichikawa","2026-08-08 03:13:26",727.0,2,kaitoichikawa
1445,16660251,Yagawa,"2026-08-06 05:40:52",727.0,2,yagawa
1446,16655381,"Varshith K","2026-08-08 07:04:56",727.0,2,var3604
1447,16622938,"Farmville Redux","2026-08-03 18:58:04",726.8,2,daveconnor
1448,16660310,KOLONEX.NET,"2026-08-04 16:57:47",726.4,2,danielandresmiranda
1449,16655426,engin_zhou,"2026-08-05 15:21:18",726.3,2,enginzhou
1450,16657016,"MD. AS-AID RAHMAN","2026-08-05 14:05:32",724.5,2,mdasaidrahman
1451,16680108,dentalsoup,"2026-08-07 09:03:47",724.4,2,afinemonkey
1452,16667729,"Daniel Wu","2026-08-06 03:56:12",724.2,2,danielwuu
1453,16652635,panacea9320,"2026-08-05 10:45:06",724.1,2,panacea9320
1454,16657105,"Mathijs Deelen","2026-08-05 01:16:34",723.8,2,mathijsdeelen
1455,16670842,Cole,"2026-08-06 15:59:42",722.9,2,colechristensen
1456,16654332,"Borys Tymchenko","2026-08-05 16:39:16",722.9,2,spsancti
1457,16632504,"[Deleted] c2f6c5d5-ecb1-4f92-95d7-7c9f0fd3474f","2026-07-31 16:04:32",722.6,1,ryota517
1458,16674447,"Nathan Thor","2026-08-08 00:01:00",722.6,2,devofpie
1459,16665224,tyz123456,"2026-08-08 01:01:39",722.6,2,tyz123456
1460,16664605,"Nathaniel Shou","2026-08-05 17:51:47",722.3,2,nathanielshou
1461,16673205,"Arda Ceylan","2026-08-07 18:45:45",722.2,2,ardacey
1462,16658409,AlexMasip,"2026-08-06 07:49:52",721.8,2,alexmasip
1463,16680297,"Ajay Singh","2026-08-08 04:33:24",721.7,2,ajaysinghg
1464,16661318,"Zeel Kadvani","2026-08-06 09:31:18",721.4,2,zeelkadvani
1465,16678602,"hassan manour","2026-08-07 12:52:23",721.1,1,hassanmanour
1466,16624625,"Harsha Vardhan","2026-08-05 11:06:42",720.6,2,harshacode101
1467,16632735,"No Free Lunch, Only Melons","2026-07-31 18:46:54",720.3,1,kawaharataishi
1468,16658973,"not today","2026-08-05 05:57:14",720.1,2,cemhan44
1469,16654463,Mark,"2026-08-07 21:45:46",719.2,2,robotmf
1470,16663909,HDPark,"2026-08-08 06:54:21",718.6,2,hdpark
1471,16659951,"CHRISTOPHER CRILLY","2026-08-06 12:33:54",718.5,2,christophercrilly
1472,16666084,"Andaç Demirdelen","2026-08-08 06:45:49",718.1,2,andacdemirdelen
1473,16668089,Goller,"2026-08-06 14:19:03",717.7,2,goller
1474,16640472,"Vsevolod Rakita","2026-08-06 11:21:03",717.4,2,vsevolodrakita
1475,16658665,ChandramouliNagasundaram,"2026-08-07 11:59:01",717.4,2,mouliindian
1476,16657794,"Aromal vK","2026-08-06 15:35:11",717.2,2,aromalvk
1477,16664370,"Joel Arias","2026-08-06 17:29:01",716.7,1,j4rias
1478,16632777,"Alexandrine Cakpo","2026-08-01 20:19:35",715.7,2,alexandrinecakpo
1479,16674540,"Pratik Priyanshu","2026-08-07 18:28:12",714.4,2,pratikpriyanshu5
1480,16673333,"Dimas Renggana","2026-08-06 23:40:39",714.1,2,dimasrenggana
1481,16665311,"huayang sun","2026-08-07 01:57:30",713.4,2,okami001
1482,16665084,"Wei Han","2026-08-08 06:22:00",713.1,2,weihan87
1483,16658820,"Jonathan Ashenaf1","2026-08-07 21:31:08",712.7,2,jonathanashenaf1
1484,16659412,yesterdays_rebel,"2026-08-05 04:45:57",712.6,2,irfanparaniya
1485,16664267,"Alan T. Andrea","2026-08-08 03:19:59",712.1,2,alantandrea
1486,16660173,"PAULO HENRIQUE DE LIMA","2026-08-06 02:42:20",711.8,1,paulohenriquedelima
1487,16660360,"Joey Gonzales","2026-08-05 00:00:47",711.4,2,joeygonzales
1488,16676155,"Adam Carnaffan","2026-08-07 16:48:03",709.4,2,adamcarnaffan
1489,16685618,"Krupa Vardhan","2026-08-07 18:33:59",709.2,2,krupavardhan
1490,16685982,Snorf,"2026-08-08 02:33:06",708.4,2,snorfyang
1491,16663457,Furqan102102,"2026-08-07 19:19:20",707.8,2,furqan102102
1492,16669545,"Rishabh Gupta","2026-08-06 18:19:04",707.5,2,rishabhguptajs
1493,16651167,ArmanVardanyan07,"2026-08-03 22:43:13",707.2,2,armanvardanyan07
1494,16666597,Ramkumar4240,"2026-08-07 09:58:48",706.9,2,ramkumar4240
1495,16672463,"Muzammil Baloch","2026-08-07 12:45:39",706.1,2,muzammilbaloch
1496,16658074,"Qui Ngx","2026-08-05 05:57:15",706.0,2,quingx
1497,16665120,nobody,"2026-08-07 08:19:48",706.0,2,rajesh1729
1498,16665759,"Shawn Zhang","2026-08-07 06:45:59",705.0,2,shawnzhang0318
1499,16638177,stpete_ishii,"2026-08-03 12:24:22",704.5,2,stpeteishii
1500,16654890,"Josh Hipps","2026-08-06 14:16:49",704.3,2,joshuahipps
1501,16630274,yutoAb,"2026-08-05 11:15:50",703.9,2,yutoab
1502,16660419,"Kai-Shih Chiu","2026-08-06 12:54:22",703.7,2,kaishihchiu
1503,16661099,TheSven,"2026-08-06 17:05:25",703.0,2,thesven
1504,16662103,"Saravana Thiagarajan K","2026-08-05 21:43:42",702.9,2,saravanatk1984
1505,16635065,T88,"2026-08-06 00:56:10",701.9,2,t88take
1506,16656883,KK,"2026-08-05 10:27:15",701.6,2,kkonzyb
1507,16657400,indrapurnama,"2026-08-08 05:42:05",700.3,2,indr0008
1508,16666988,"Sarthak Vedant Mohanty","2026-08-08 00:10:11",699.9,2,sarthakvedantmohanty
1509,16681369,GanadorPlusUltra,"2026-08-07 11:14:58",699.9,2,ganadorplusultra
1510,16662057,DeokJin,"2026-08-05 04:01:38",699.5,2,deokjin
1511,16687942,"Arya Arun","2026-08-08 00:25:39",699.2,1,aryaarun07
1512,16658151,"Nguyễn Phúc Gia Bảo","2026-08-06 15:15:07",697.8,2,kevincrazy678
1513,16622809,"German Vdovin","2026-08-03 00:38:01",697.6,2,ertrerhtytmnbdsefdw
1514,16682876,"Kartik Garg","2026-08-07 09:48:20",697.5,2,kartikgarg97
1515,16665046,"Srish Jana","2026-08-06 18:12:59",696.8,2,srishjana
1516,16623316,"Ondrew Zudin","2026-08-06 23:08:41",696.6,2,ondrewzudin
1517,16666328,"Dornus !","2026-08-05 21:53:19",696.1,2,dornus
1518,16661832,"Roberto Garcia","2026-08-08 05:20:50",693.0,2,robertogarciada
1519,16632253,nasuuuuun,"2026-08-04 13:30:11",693.0,2,hikarumatsuzaki
1520,16668648,"Mason R. Brito","2026-08-07 04:29:13",692.6,2,masonrbrito
1521,16637776,MarvelousXun,"2026-08-03 09:33:38",692.4,2,marvelousxun
1522,16656709,"Anh-Vu Mai-Nguyen","2026-08-08 02:18:13",691.3,2,mainguyenanhvu
1523,16682915,"igeo kK","2026-08-07 13:09:36",691.2,2,igeokk
1524,16676885,"Riva Kajangu","2026-08-07 15:18:17",690.4,2,rivakajangu
1525,16655629,Mai_Konare,"2026-08-05 12:47:36",689.8,2,maikonare
1526,16659125,"Meet Parekh","2026-08-07 16:38:01",689.4,2,meetparekh1
1527,16671980,601918_กิตติพงศ์,"2026-08-07 14:22:58",689.2,2,bluexg5502
1528,16679371,ΛYMΞNRH,"2026-08-08 00:32:53",688.9,2,aymnrh
1529,16663590,"Jakub Dolének","2026-08-05 11:06:56",688.3,2,dolenek
1530,16663622,sammuq1,"2026-08-07 21:43:19",688.2,2,sammuq1
1531,16653222,StevenYuan7788,"2026-08-05 02:16:11",687.0,2,stevenyuan7788
1532,16659025,"Mohammed Naseef","2026-08-05 09:01:20",686.4,2,mohammednaseef
1533,16659828,"Lebansty Valan","2026-08-06 10:57:34",686.4,2,lebanstyvalan
1534,16675063,Tian_Wang1210,"2026-08-08 02:53:45",686.2,2,tianwang1210
1535,16669118,"yunus yavuz","2026-08-05 21:51:21",685.8,2,yunusyvz
1536,16656689,"Vansh Gupta","2026-08-05 06:58:57",685.2,2,vanshrl9ine
1537,16658775,"Vincent Pan","2026-08-08 06:59:34",684.7,2,"judithhong,vincentpan2005"
1538,16675264,"Alon Bar Koter","2026-08-06 16:16:43",684.1,2,alonbarkoter
1539,16670779,"Aditya Dube","2026-08-06 01:41:24",684.1,2,dubeaditya
1540,16659896,TedT,"2026-08-07 21:03:44",683.5,2,fdsaur
1541,16684947,Hoaquason,"2026-08-08 06:53:56",683.3,2,"datnguyen0102,mibombaclat"
1542,16638645,ChrisDavis,"2026-08-03 23:29:34",683.0,2,alpacas
1543,16654596,"khusham sheth","2026-08-07 12:08:19",682.8,2,khushamsheth
1544,16625241,"Mutoy Choi","2026-08-02 08:18:17",682.5,2,mutoy1
1545,16657553,graceyunliu,"2026-08-08 02:28:44",682.5,2,graceyunliu
1546,16668175,el_dedalus,"2026-08-06 14:48:01",682.5,2,eldedalus
1547,16660670,"Chirag Bhatnagar","2026-08-06 04:50:44",682.3,2,chiragbhatn
1548,16632100,"Mohit Shirke","2026-08-07 17:55:11",682.2,2,orcivion
1549,16663998,"Harith Al-Ani","2026-08-07 12:39:25",681.5,2,abo3losh
1550,16668354,"ashraf saiyed","2026-08-06 05:03:02",681.4,2,ashrafsaiyed58
1551,16659813,"Uday Kumar R","2026-08-06 06:05:59",680.8,2,udaykumarramineni
1552,16662201,"Saumitra Verma","2026-08-04 18:28:36",680.4,2,saumitraverma
1553,16630249,"Aymar Avohoueme","2026-08-01 20:38:57",680.1,2,aymaravohoueme
1554,16621802,fgwiebfaoish,"2026-07-30 23:38:52",680.0,2,fgwiebfaoish
1555,16663213,"Takahiro Someya","2026-08-06 04:52:04",679.8,2,takahirosomeya
1556,16659181,Hongjie04,"2026-08-05 04:07:04",679.7,2,hongjie04
1557,16664359,"Apil Khadka","2026-08-06 12:55:47",679.2,2,apilkhadka
1558,16672657,"Lochan Naik","2026-08-07 08:41:44",679.2,2,lochannaik
1559,16656317,"Manu Rahi","2026-08-06 16:43:55",679.2,2,manurathi
1560,16683918,Thuytien,"2026-08-07 17:20:33",678.4,2,thuytien200529
1561,16671694,evananann,"2026-08-07 09:28:28",677.7,2,evananann
1562,16661443,"STEPHEN ASANTE OPOKU","2026-08-04 16:45:41",677.5,1,stephenasanteopoku
1563,16664360,"Rohan L","2026-08-08 02:56:53",677.1,2,rohanlopes
1564,16655072,Sonuaswar1,"2026-08-04 07:33:47",676.2,2,sonuaswar1
1565,16623302,"Raffi Ardhi Naufal","2026-07-31 18:31:57",675.8,1,raffiardhi
1566,16678288,"Speedrun retirement","2026-08-07 11:36:13",675.6,2,josephkimanikamau
1567,16671364,"Mike Riggs","2026-08-07 00:48:20",675.5,2,riggsasi
1568,16663708,"Imran Ahamed","2026-08-05 05:22:28",675.3,2,immu4989
1569,16666637,"Uttam Limbani","2026-08-07 13:41:14",675.1,2,uttamlimbani
1570,16672078,vietlinhh02,"2026-08-07 11:25:15",674.5,2,vietlinhh02
1571,16675960,"Audric LOKO","2026-08-07 10:00:06",674.3,2,audricloko
1572,16670708,"Mohammad Usman Sajid","2026-08-07 21:46:51",674.2,2,mohammadusmansajid
1573,16664217,Shushantw,"2026-08-08 02:29:35",673.2,2,shushantw
1574,16660850,"Khoa Le","2026-08-05 13:23:55",672.8,2,bryanle2025
1575,16639408,Invictus,"2026-08-04 11:13:25",672.6,2,nicho256
1576,16659645,Drakus_Julia,"2026-08-07 01:34:22",672.6,2,drakus74
1577,16660214,ytddsyt1214,"2026-08-06 01:43:51",672.3,2,ytddsyt1214
1578,16640701,momoon,"2026-08-06 14:51:58",672.3,2,nomuraryota
1579,16623112,Tians12,"2026-08-06 18:10:26",672.1,2,tiansang12
1580,16676663,"This cat is called Fumi","2026-08-07 00:44:54",671.8,2,qwer556617123
1581,16658779,"Richard G Atkinson","2026-08-05 00:29:59",671.6,2,richardgatkinson
1582,16654068,"Renoir Vieira","2026-08-07 03:56:50",671.5,2,renoirvieira0
1583,16671659,Jiang,"2026-08-07 05:09:23",671.4,1,jncq2006
1584,16664142,"The Studio 1","2026-08-07 01:39:19",671.3,2,landonsheatsley
1585,16662043,"Hengcong Zhu","2026-08-05 14:46:24",670.9,2,hengcongzhu
1586,16685743,"Alex Oranov","2026-08-07 23:14:53",669.9,1,aoranov
1587,16682984,"Rishikesh Bharat Koli","2026-08-08 04:18:06",669.8,2,rishikeshbharatkoli
1588,16662647,"Ruben Maya","2026-08-08 03:21:44",669.6,2,rubenmaya
1589,16662741,"Abhiraj Govind","2026-08-04 18:01:16",669.2,1,abhirajgovind
1590,16635233,"Szymon Kłapiński","2026-08-03 10:04:12",669.0,2,szymonkapiski
1591,16665622,one,"2026-08-08 04:03:49",668.5,2,richardsplayground
1592,16661754,edwinis,"2026-08-07 17:09:50",668.5,2,edwinis
1593,16623646,"Minal kharat123","2026-08-06 15:42:39",668.2,2,minalkharat123
1594,16663407,Denis,"2026-08-07 20:03:29",668.2,2,matsiusheuski
1595,16655075,"Félix Rodríguez Roble","2026-08-04 09:16:25",667.9,2,flixrodrguezroble
1596,16668562,"Anthony LOISEAU","2026-08-06 16:07:52",667.5,2,anthonyloiseau
1597,16659210,HASHP100D,"2026-08-08 00:08:47",667.3,2,hashp100d
1598,16664706,olivbhxf,"2026-08-06 07:10:34",667.2,2,olivbhxf
1599,16628487,"Koichi HIRAOKA","2026-08-01 08:42:40",667.2,2,koichihiraoka
1600,16664140,Sxwat,"2026-08-07 08:57:23",667.0,2,aybatov
1601,16660081,fakyyy,"2026-08-06 14:12:44",666.8,2,manideepreddyakula
1602,16623712,Dapp,"2026-08-03 23:09:19",665.9,2,lgloria
1603,16637031,"and more","2026-08-06 01:35:25",665.5,2,kym2022
1604,16664266,"Ian Chung","2026-08-07 23:32:55",665.2,2,iannnnn012345
1605,16665042,Neo_0x3f,"2026-08-05 06:42:59",664.3,2,neo0x3f
1606,16634790,"Steven Lui","2026-08-03 12:22:08",664.3,2,stevenlui
1607,16653809,acbabc123,"2026-08-04 13:53:53",662.6,2,acbabc123
1608,16666371,jiten_topiwala,"2026-08-07 14:33:32",662.4,2,jitentopiwala
1609,16661596,t@got@go,"2026-08-06 08:47:18",662.0,2,kamdaanahessod
1610,16666578,STRAF,"2026-08-07 12:18:34",661.7,2,nikosstraf
1611,16631480,"Kumar Abhijeet","2026-07-31 13:29:40",661.3,1,krabhijeet
1612,16664666,"Rheal Thomas","2026-08-07 19:26:18",660.6,2,rhealthomas
1613,16661449,"Samarjeet Singh","2026-08-07 11:42:58",659.8,2,samarjeet010
1614,16658909,junesdata,"2026-08-06 15:14:26",659.5,2,junesdata
1615,16661100,"Muhammad Junaid","2026-08-05 07:26:21",659.4,2,junaid512
1616,16630335,"Solve Langseth","2026-08-05 06:48:57",658.9,2,solvelangseth
1617,16672103,"fred mahinay","2026-08-08 06:36:21",658.5,2,fredmahinay
1618,16664293,"Adam Lloyd","2026-08-08 04:22:29",658.0,2,alloyd256
1619,16633069,"Nur Srijan","2026-08-06 12:55:34",657.2,2,nursrijan
1620,16688108,Special_octo20,"2026-08-08 06:33:46",656.2,2,specialocto20
1621,16665692,Straw_hats,"2026-08-08 05:13:10",655.9,2,charanno
1622,16666055,Axit,"2026-08-06 10:16:15",655.5,2,axitslab
1623,16677585,Pan,"2026-08-07 13:54:22",654.8,2,mehdiacho
1624,16665511,phoenix_merk,"2026-08-05 09:46:25",654.7,2,phoenixmerk
1625,16659000,xjlgg123,"2026-08-05 09:50:02",654.4,2,xjlgg123
1626,16656107,Aotokitsuruya,"2026-08-07 15:37:40",654.4,2,elct9620
1627,16641009,"Marius Kirschner","2026-08-03 08:41:47",654.4,2,mariuskirschner
1628,16645426,Jun_value,"2026-08-07 01:24:58",653.7,2,junvalue
1629,16662995,"carlos mario de oro aguado","2026-08-06 21:08:28",651.8,2,cdeoroaguado
1630,16681924,WEcoS,"2026-08-08 04:43:42",651.6,2,aungkhainghtun
1631,16657601,Simon,"2026-08-05 15:59:44",651.6,2,benten10
1632,16661397,"T. Scharf","2026-08-05 02:54:36",651.1,2,scharf
1633,16668612,"raffael prem","2026-08-06 08:02:13",651.0,2,raffaelprem
1634,16662060,"Richard Valino","2026-08-06 16:03:36",650.9,2,richardvalino
1635,16660462,"Vishwanath N Iyer","2026-08-07 07:22:17",650.8,2,vishwanathniyer
1636,16656410,Sam,"2026-08-08 05:31:45",650.0,2,beartrader
1637,16662313,"Maximus Sambucetti","2026-08-07 20:15:04",649.6,2,maximussambucetti
1638,16637255,"Peter Parker","2026-08-08 02:13:30",649.5,2,superallen001
1639,16682707,"AJAY KUMAR","2026-08-07 19:13:08",649.2,2,worldsslayer
1640,16674308,"Ayush Roy","2026-08-06 20:28:57",649.1,2,ayushroy39
1641,16660955,"Nihal l.suvarna","2026-08-06 03:17:31",646.4,2,nihallsuvarna
1642,16679443,"Alexander Buslaev","2026-08-07 23:37:22",646.1,2,albuslaev
1643,16662618,"Soledad Santiago","2026-08-07 18:47:31",646.1,2,soledadsantiago
1644,16664502,"Alejandro Morales","2026-08-07 03:31:36",646.0,1,langley96
1645,16662751,ZeD,"2026-08-06 10:11:24",645.8,2,hussamcheema
1646,16659183,"Leonard Yaw Mensah","2026-08-05 02:22:25",645.0,2,leonardyawmensah
1647,16659261,PromptEngineer48,"2026-08-04 16:44:46",644.6,2,promptengineer48
1648,16673359,hasshi7965,"2026-08-07 01:48:10",643.6,2,hasshi7965
1649,16647607,pumpkin,"2026-08-07 13:57:58",643.2,2,gealachpumpkin
1650,16668678,"Madhur Sabherwal","2026-08-08 01:54:42",643.1,2,madhur321
1651,16669643,"Athenix Kaggriculture","2026-08-08 02:23:22",643.1,2,sdafdsfsdfgdsg
1652,16632368,"Yuelin Bai","2026-08-03 08:15:12",643.1,2,paralym
1653,16640399,Hubbahub,"2026-08-04 20:40:39",642.8,2,hubbahub
1654,16667994,"Zhian Wei","2026-08-06 14:19:42",642.8,2,zh1anwe1
1655,16671680,"Joe Hall","2026-08-06 16:37:20",641.9,2,halljr
1656,16670274,"dankwa wadie","2026-08-06 21:11:22",641.3,2,dankwawadie
1657,16670218,"What is Coding?","2026-08-07 01:47:17",641.3,2,matthewshvarts
1658,16675457,"Ramana Prabhu Sana","2026-08-06 12:33:34",640.8,2,ramanaprabhusana
1659,16661432,"Ange Adantchede","2026-08-06 02:19:57",640.0,2,angeadantchede
1660,16654347,"aarav maheshwari1","2026-08-05 01:48:28",639.9,2,aaravmaheshwari1
1661,16657929,Robert-zwr,"2026-08-05 11:15:48",639.9,1,robertzwr
1662,16649077,"Yifan Yang 135","2026-08-06 17:08:28",639.7,2,yifanyang135
1663,16668324,"Alden Jenish S","2026-08-06 14:02:09",638.8,2,aldenjenishs
1664,16641536,"Michael Timbs","2026-08-08 03:28:41",638.3,2,michaeltimbs
1665,16654970,"Maycon Coutinho","2026-08-08 00:20:35",638.2,2,coutinhomaycon
1666,16645870,"Barathan Aslan","2026-08-03 08:21:55",637.6,2,barathanaslan
1667,16668162,AlejandroAlvarez,"2026-08-05 18:47:47",637.6,2,theworm
1668,16667025,"Anjitha Mekkayil Anand ","2026-08-07 08:51:15",637.1,2,anjithamekkayilanand
1669,16656797,"رحيم محمد","2026-08-04 20:05:45",637.0,2,darkmaxedwe
1670,16665865,"Agrippa Beaulieu","2026-08-06 23:47:20",637.0,2,agrippabeaulieu
1671,16668298,"Riki Garcia","2026-08-06 03:28:32",636.7,2,rikigarcia
1672,16659294,"Muhammad Rafzan","2026-08-07 15:46:52",636.3,2,revianalfariz
1673,16669165,"IT Neko","2026-08-07 15:44:59",636.2,2,"nirvaanaa,zhexuanyecust"
1674,16627463,dnish,"2026-08-05 07:37:16",635.6,2,dnishio
1675,16621683,Shivangoudaa,"2026-08-08 00:00:58",635.6,2,ishivapatil
1676,16666301,"James Felipe","2026-08-07 07:19:17",635.5,2,jamesfelipe
1677,16632294,"Rajan Nagarajan","2026-07-31 15:09:53",634.6,2,narajan
1678,16673324,Amaranta,"2026-08-08 00:40:33",634.2,2,ulyanovantonamaranta
1679,16630163,"SEREENA JERRY","2026-08-06 08:59:17",634.0,2,serenajerry
1680,16663999,"Colton Martin","2026-08-07 22:25:48",633.4,2,coltonmartinnn
1681,16662938,CarlitrosParra,"2026-08-05 21:34:52",633.1,2,carlitrosparra
1682,16665080,"RAVI KUMAR696996","2026-08-05 06:14:29",632.6,2,ravikumar696996
1683,16675503,"Jeff Marc E. Cadet","2026-08-07 00:55:08",632.6,2,jeffmarcecadet
1684,16669843,"hikaru kitagawa","2026-08-07 15:32:11",632.4,2,hikarukitagawa
1685,16631919,"Ghinwa Allaoui","2026-08-04 16:27:17",632.1,1,ghinwaallaoui
1686,16621499,"Alexandr Utkov","2026-08-01 00:21:43",631.1,2,alexandrutkov
1687,16666784,"Michał Łapiński","2026-08-06 13:30:00",631.0,2,michaapiski
1688,16658677,大山,"2026-08-07 06:20:21",630.3,2,mapodoufu
1689,16682283,jwj1342,"2026-08-07 19:21:15",630.0,1,"jwj1342,liaodid"
1690,16644577,"Arthur Merritt","2026-08-04 07:11:11",629.8,2,jarthuph
1691,16670719,SimoImane,"2026-08-05 23:36:09",629.8,2,simoimane
1692,16686155,bugmaker,"2026-08-07 16:49:23",629.7,2,yyyyhhhhwww
1693,16670634,"Narayan Sharan","2026-08-07 21:13:42",629.6,2,narayansharan
1694,16663188,"Ethan Feng","2026-08-05 22:09:38",629.1,2,xenon111231
1695,16650930,"Govind Sharma","2026-08-05 11:24:50",629.1,2,govindsarswat
1696,16635509,simmons1025,"2026-08-02 15:15:19",628.7,2,simmons1025
1697,16685570,"Micah Fernando","2026-08-07 19:46:31",627.9,2,micahfernando
1698,16648589,"Yilan Zhu","2026-08-05 11:23:23",627.4,2,yilanzhu
1699,16675997,"Rintaro Moriwaki","2026-08-06 15:52:11",627.3,2,rintaromoriwaki
1700,16674174,"Ramesh Arvind","2026-08-07 08:54:30",626.6,2,rameshln
1701,16638823,YDDDDDD999,"2026-08-02 14:01:40",626.3,2,ydddddd999
1702,16668748,Nosiru,"2026-08-08 02:32:40",626.0,2,nosiru
1703,16625216,"Emre Can","2026-08-01 17:05:51",625.5,2,seicatsu
1704,16675477,"Joanne Yun","2026-08-07 13:40:53",624.9,2,joannejyun
1705,16660089,ChristosGrigoras,"2026-08-07 22:41:49",624.8,2,cgrigoras
1706,16655069,"Jason Harrison","2026-08-05 20:56:59",624.6,2,jasonharrisonco
1707,16661927,JHCodeQuest,"2026-08-06 23:31:22",624.6,2,josephkhassan
1708,16663922,MoongladeAI,"2026-08-07 21:30:17",624.5,2,moongladeai
1709,16640504,"Recep Öztürk","2026-08-06 11:38:41",624.3,2,rcpztrrk1
1710,16676259,Th_Gbay,"2026-08-07 19:52:23",624.0,2,thgbay
1711,16661105,"Vignesh Murugan","2026-08-04 19:57:46",623.3,2,vigneshv1cky
1712,16660364,dadandsats,"2026-08-07 17:23:04",621.3,2,continuingdev
1713,16654984,"Guseinov Elvin","2026-08-06 19:32:32",621.2,2,guseinovelvin
1714,16662486,"KOTHAPALLI DILEEP","2026-08-05 21:46:53",620.6,2,kothapallidileep
1715,16664415,"Imerson Krysthio","2026-08-07 13:08:50",620.4,2,imersonk
1716,16630372,Q.qlmmm,"2026-08-03 21:38:41",619.8,2,qlammi
1717,16678609,quantcrypto3,"2026-08-08 03:00:10",619.4,2,quantcrypto3
1718,16665364,"Shien Zhang","2026-08-06 06:50:46",619.4,1,shienzhang
1719,16661507,Siddharth1984,"2026-08-06 13:39:22",619.0,2,siddharth1984
1720,16665436,Aeternum,"2026-08-06 20:14:13",619.0,2,"donbinoy2004,surajkumarks"
1721,16653429,mktdev,"2026-08-08 03:32:11",618.7,2,mktdev
1722,16668185,"Swayam Chavan","2026-08-08 07:06:11",617.8,2,swamboy
1723,16632105,"shreyas sangalad","2026-08-02 12:01:08",617.7,2,spoortisangalad
1724,16670155,Kiznaiver,"2026-08-07 20:29:30",617.6,2,kiznaiver
1725,16623399,Kendamarron,"2026-07-31 09:12:48",617.1,2,kazuhirokuriyama
1726,16657671,RacoonTW,"2026-08-07 10:30:45",616.9,2,racoontw
1727,16679767,"Denis Mekhanikov","2026-08-08 05:50:12",616.9,2,denismekhanikov
1728,16622420,RuiFSPinto,"2026-08-07 12:15:08",616.7,2,ruifspinto
1729,16669470,"ASDM HUB","2026-08-07 23:36:51",616.3,2,jesushechavarria
1730,16668108,"Suresh Chandra Mangena","2026-08-05 15:11:40",616.0,2,sureshchandramangena
1731,16664211,"Ben Wilson","2026-08-06 23:57:29",615.4,2,crispyryse
1732,16681637,nasu01,"2026-08-07 10:14:10",614.9,2,nasu01
1733,16664608,sid,"2026-08-07 18:18:04",614.8,2,sidshastri04
1734,16665641,"Alexander Shahramanyan","2026-08-06 20:39:18",614.8,2,alexshah
1735,16680562,Twu1738,"2026-08-07 11:44:22",613.7,2,twu1738
1736,16662722,"Ajeet Jain","2026-08-07 06:32:10",613.7,2,jainajeet29
1737,16627324,"Attack on Kaggle","2026-08-06 13:27:22",613.6,2,user19394494
1738,16632157,"福原 大知","2026-08-03 06:46:04",613.6,2,fxxyfox
1739,16673214,Boiga7,"2026-08-06 14:03:53",613.5,2,lewiselliot
1740,16671602,"Nithin Nambi","2026-08-07 00:09:31",613.3,2,nitthewit
1741,16654099,"Bhupin Thapa magar","2026-08-08 05:10:55",612.7,2,vupeenthapamagar
1742,16668137,"Thomas De Sousa","2026-08-06 06:34:48",612.7,2,thomasdesousa
1743,16688662,"Faz Forward","2026-08-08 06:46:28",611.7,2,fazforward
1744,16636973,"Ali Ali G","2026-08-03 18:36:40",611.6,2,alialig
1745,16638967,"Jenny Luo","2026-08-01 23:55:07",611.2,2,"jennyluo96,kyeoh92"
1746,16668154,JuanEspana,"2026-08-07 06:34:01",611.0,2,juanespana
1747,16661233,"Uriel Johnson","2026-08-05 08:45:24",610.7,2,urieljohnson
1748,16661682,"Rishi Gupta","2026-08-05 07:46:38",610.5,2,rishigupta07
1749,16645302,LuCcc,"2026-08-03 09:45:35",610.4,2,luuuuccccc
1750,16659505,"Duleeka Mevan","2026-08-06 09:32:46",610.3,2,duleekamevan
1751,16660485,"Colin Gaffney","2026-08-08 00:55:19",610.1,2,colingaffney1
1752,16654974,"ACd Rooy","2026-08-07 10:12:48",609.7,2,acdrooy
1753,16670600,"Leon Lum","2026-08-07 19:44:53",609.4,2,leonlum
1754,16645431,Amin,"2026-08-07 23:02:19",609.3,2,aminvafaei
1755,16635746,"jeon hyeon woo","2026-08-02 05:44:05",609.2,2,jeonhyeonwoo
1756,16658476,"goksel yesiller","2026-08-04 11:07:53",608.8,2,gokselyesiller
1757,16666873,"linli duan","2026-08-06 15:31:33",607.6,2,linliduan
1758,16663247,Ak,"2026-08-06 19:28:40",607.5,2,abisheksrivastav
1759,16624506,zhongtian,"2026-08-07 04:03:01",607.3,2,kmtbang
1760,16678154,"Hashim Far","2026-08-08 04:20:32",607.3,2,hashimfar
1761,16643453,Haumea,"2026-08-04 13:04:13",607.1,2,chaitanyagullapalli
1762,16660060,AnkitGoyal,"2026-08-05 15:33:29",606.8,2,goyalankit
1763,16661622,"Ergin Akın","2026-08-06 11:09:46",606.7,2,erginakin
1764,16669117,"Shrikant Lambe","2026-08-06 17:31:42",606.3,2,shrikantlambe
1765,16630548,"YJ Wee 2807","2026-08-07 12:02:38",605.9,2,yjwee2807
1766,16670070,"Kirill Molostov","2026-08-08 00:16:57",605.5,2,kirillmolostov
1767,16654394,sserges,"2026-08-04 14:41:36",605.2,2,sserges
1768,16658521,"Vishal Dhariwal","2026-08-08 06:38:03",605.1,2,user412
1769,16668606,"Hasith Kulathilaka","2026-08-08 05:56:05",604.5,2,hasithkulathilaka
1770,16654485,"Mahbub Alam","2026-08-04 02:08:23",604.1,2,mahbubalam214
1771,16679364,VicD,"2026-08-07 14:09:12",603.4,2,durandv
1772,16668589,"Gleb Naumkin","2026-08-05 22:46:26",602.2,1,glebnaumkin
1773,16659080,VENKY,"2026-08-07 17:22:03",602.1,2,venkateshthatha
1774,16675952,"Stephan Hahn","2026-08-06 20:14:09",602.0,2,stephanhahn16
1775,16668688,"Nezihe Sözen","2026-08-07 10:47:51",601.3,2,nezihesozen
1776,16676254,"Lazy Lagoon","2026-08-07 10:33:41",601.1,2,"mokshoswal137,taniyasankhe"
1777,16655600,"VYSHAKH G NAIR","2026-08-04 21:31:24",601.1,2,vyshakhgnair
1778,16655578,"Ahmed Merie","2026-08-08 07:01:51",600.4,2,aa7767
1779,16687604,Harrislrobinson,"2026-08-07 22:02:58",600.1,1,harrislrobinson
1780,16640965,jidaoluckey,"2026-08-08 07:10:45",600.0,2,jidaoluckey
1781,16674312,yuxuan,"2026-08-08 07:11:12",600.0,2,yuxuan1221
1782,16644150,"J.M.Mubasshir Rahman","2026-08-08 07:12:18",600.0,2,jmmubasshirrahman
1783,16668357,"B.Pardha Manoj Reddy","2026-08-08 07:12:57",600.0,2,pardhamanojreddy
1784,16685785,KSAI,"2026-08-08 07:13:16",600.0,2,kishan2112004
1785,16663594,"NGU BLACK SANTA","2026-08-05 15:23:10",599.5,2,ngublacksanta
1786,16670504,Shirabe,"2026-08-07 23:28:36",599.5,2,carlmakt
1787,16665281,"[Deleted] 899172b8-e148-4564-ba8c-c46356105ab8","2026-08-05 09:55:11",599.3,2,del=cd7e9a4014b872ef
1788,16665374,UmangDobhal03,"2026-08-06 03:46:29",598.8,2,umangdobhal03
1789,16685800,"Sumit Ridhal","2026-08-08 07:06:31",598.6,2,sumitridhal
1790,16654943,"Alexis Selorm Gbeckor - Kove","2026-08-04 11:58:23",598.5,2,advancedbeginner
1791,16677701,"Coşkun Bağrıaçık","2026-08-08 00:03:12",598.4,2,cbagriacik
1792,16664251,zzy123123,"2026-08-06 06:23:01",598.2,2,zzy123123
1793,16669434,"Saugat Kannojia","2026-08-07 11:45:47",597.8,2,saugatkannojia
1794,16644410,"Swaroop Kallakuri","2026-08-04 15:40:29",597.3,2,ksjpswaroop
1795,16672473,goldfish,"2026-08-08 02:43:43",597.1,2,dolgfish
1796,16623198,"Chris D'Mello (ineligible)","2026-07-31 17:32:46",597.0,1,cdmello
1797,16646286,"C Aravindhan","2026-08-04 05:03:22",596.8,2,caravindhan
1798,16627313,"Zafer Liu","2026-08-03 05:13:39",596.6,2,zaferliu
1799,16664683,"Halapeño Farms","2026-08-07 20:54:42",596.3,2,haladaj
1800,16661287,"Jacob Hanlon","2026-08-07 14:31:36",596.3,2,jacobhanlon
1801,16669699,nikesh23,"2026-08-08 01:52:56",596.3,2,nikesh23
1802,16638883,LeiYang,"2026-08-03 15:04:07",595.9,2,leiyangcq
1803,16687135,"Kavya Bhandari","2026-08-07 22:28:14",595.7,2,kavyabhandari1998
1804,16654885,"Jason Kong","2026-08-04 06:52:19",595.7,2,jasonkongie
1805,16661983,"Victor's Team","2026-08-06 15:14:11",595.6,2,"dlordsjustified,jezrealmomoh,joludare,victorokpe"
1806,16659658,"Tim Wong","2026-08-06 02:02:30",595.4,2,wai0186
1807,16672333,"Giovanny Rodríguez","2026-08-06 06:15:43",594.8,1,giovannyrodrguez
1808,16665949,Rbda,"2026-08-06 14:18:03",593.3,2,brazvan
1809,16623824,zhangende02,"2026-08-01 01:15:21",593.1,2,zhangende02
1810,16655663,"Farmland Destroyer","2026-08-07 05:40:26",592.9,2,minghaopang
1811,16644480,"Umut Keltek","2026-08-08 00:10:42",592.7,2,umutkeltek
1812,16669778,UknesIruka,"2026-08-06 00:04:13",592.6,2,uknesiruka
1813,16659919,"SILVISTON EMMANUEL","2026-08-06 06:51:55",592.5,2,silvistonemmanuel
1814,16623189,"Aditya Mishra","2026-08-01 10:28:28",592.1,2,adityamishranika
1815,16680799,zixma13,"2026-08-07 15:36:00",591.9,1,zixma13
1816,16632855,Shreyash_Automation,"2026-08-05 06:33:43",591.7,2,shreyashautomation
1817,16689398,"Rishi Leung","2026-08-08 06:56:54",591.6,1,rishileung
1818,16676320,"Khôi Trần","2026-08-07 08:37:36",591.3,2,khoitrn
1819,16662167,"Tara Singh Kharwad","2026-08-05 17:13:10",591.2,2,tarasi7261
1820,16675452,Vladislav,"2026-08-07 08:08:46",591.1,1,simmeringoverstep
1821,16687538,aefinityaiinc,"2026-08-08 01:54:06",590.7,2,aefinityaiinc
1822,16631547,"Chong Xuan Ng","2026-08-02 09:23:38",590.5,2,chongxuanng
1823,16655595,ashsah,"2026-08-06 23:54:25",590.4,2,ashsah
1824,16665894,"Pedro Wu","2026-08-05 09:54:27",590.2,2,pedropei
1825,16677855,"Mehrdad ALMASI","2026-08-07 06:12:05",590.0,2,mehrdadal2023
1826,16679144,つるげーねふ,"2026-08-07 22:03:16",589.3,2,atom7666
1827,16633577,Boxy,"2026-08-08 02:38:00",589.1,2,boxyml
1828,16657528,"Symekah Shadrack Basweti","2026-08-05 10:17:09",588.6,2,symekah99
1829,16633097,"Matheus Bonjour Laviola da Silva","2026-08-02 11:08:21",588.5,2,matheusbonjour
1830,16664221,Anish,"2026-08-07 20:46:29",588.3,2,anishmunje
1831,16623263,ASHML,"2026-07-30 23:28:50",588.1,2,ashml
1832,16659269,"Bedirhan Dinçer","2026-08-06 14:19:21",588.0,2,bedirhandiner
1833,16658627,"Osman Can ÇETLENBİK","2026-08-05 15:25:30",587.6,2,osmancancet
1834,16654312,Xmeeeee,"2026-08-05 00:11:29",587.4,2,xmeeeee
1835,16639731,williamrawling,"2026-08-07 17:09:21",587.1,2,williamrawling
1836,16675060,"Xinger Gao","2026-08-07 16:42:41",586.6,2,xingergao
1837,16675807,cubreto,"2026-08-07 09:57:45",585.8,2,cubreto
1838,16654267,maniginam,"2026-08-07 00:30:13",585.8,2,maniginam
1839,16621437,AdamBelniak,"2026-08-03 18:15:21",585.6,2,adamos581
1840,16625434,"Chirapathleo Saelim","2026-08-04 03:43:52",585.6,2,chirapathleosaelim
1841,16662120,"Harpal Gujral","2026-08-05 17:30:19",585.5,2,harpalgujral
1842,16625808,"Etsushi Yamamoto","2026-08-01 06:47:48",585.1,2,etsushiyamamoto
1843,16658925,CYBWithFlourish,"2026-08-06 15:56:28",584.9,2,cybwithflourish
1844,16683390,Christopher34,"2026-08-08 00:20:59",584.8,2,christopher34
1845,16676278,"Om Sangwan","2026-08-06 18:21:54",584.6,2,omsangwan
1846,16685634,"Syed Asad Ali","2026-08-07 14:33:34",583.6,2,syed3000
1847,16664760,SN,"2026-08-05 19:13:14",582.3,2,spirosnianiaras
1848,16621367,Numari,"2026-07-31 16:30:01",582.0,2,numaritaisei
1849,16670986,"Anas Erami","2026-08-08 01:38:43",581.3,2,anaserami
1850,16657276,"Пётр П","2026-08-07 14:08:52",581.2,2,petrinvest
1851,16661646,"Sergey Shcherbakov","2026-08-05 22:26:16",580.6,2,sergey140146659
1852,16670755,"Amine zeDDouk","2026-08-07 13:25:20",580.0,2,aminezeddouk
1853,16661194,"Sandeep Vanapalli","2026-08-04 15:37:06",579.9,2,mrleaf
1854,16627009,c0sm1c,"2026-08-01 11:06:14",579.6,1,tanghao111
1855,16683761,"Chiefmen749 Aris","2026-08-07 12:00:40",579.5,2,saysplayz
1856,16657312,"baolood herid","2026-08-06 13:13:48",579.2,2,baoloodherid
1857,16668698,Addie,"2026-08-08 05:21:08",579.2,1,addie999
1858,16658655,HbjaHbja,"2026-08-07 07:27:25",579.1,2,hbjahbja
1859,16677166,Spectrobot,"2026-08-07 19:23:34",578.2,1,spectrobot
1860,16640516,"Alfandi Hassan","2026-08-08 03:41:33",578.0,2,alfandihassan
1861,16623271,"William Morley","2026-07-31 10:09:16",577.5,2,williamkmorley
1862,16686093,"Muhammad Usman Butt","2026-08-07 22:00:04",576.5,2,debugdemon
1863,16679098,"KIRTAN RUPESHBHAI BHOJANI","2026-08-06 23:51:52",576.5,2,kitran17
1864,16664566,"Lormann ","2026-08-07 12:41:51",575.2,2,lormann
1865,16667722,Radhouen911,"2026-08-06 21:37:37",575.0,2,radhouen911
1866,16664096,"Charles Coonce","2026-08-07 22:11:50",574.9,2,charlescoonce
1867,16655783,KonaKonaz,"2026-08-04 09:36:57",574.9,2,konakonaz
1868,16623226,"Hafida Belayd","2026-08-02 19:18:16",574.3,2,hafidabelayd
1869,16639746,"Kyle Wang","2026-08-08 03:44:00",574.1,2,ky1ewan9
1870,16668737,"Abish Pius","2026-08-05 16:32:07",573.6,1,abishpius
1871,16687390,"Mark Calvert","2026-08-07 20:55:18",573.5,2,markycalvert
1872,16666132,andres555,"2026-08-07 12:13:30",572.9,2,andres555
1873,16663871,"Iyed Djebbi","2026-08-07 09:25:07",572.7,2,iyeddjebbi
1874,16659520,"Play Code","2026-08-05 14:28:00",571.7,2,codenya
1875,16622934,"Ümit Anık","2026-08-07 21:58:42",571.5,2,mitank
1876,16659414,TTGP_TEAM,"2026-08-06 15:33:09",571.3,2,phttrntrnggia
1877,16657383,"Shih Hua Chou","2026-08-05 06:08:49",571.3,2,shihhuachou
1878,16665257,"Ken Li","2026-08-06 14:24:42",571.1,2,kenliwt
1879,16662684,"Harshini Reddy","2026-08-06 15:11:04",571.0,2,luffyh04
1880,16631981,"Karen Letir","2026-08-07 17:58:19",570.7,2,karenletir
1881,16656156,"Kshitij aucharmal","2026-08-06 04:35:27",570.4,2,narutoaucharmal
1882,16671421,"Gryffin Wang","2026-08-08 03:15:30",570.3,2,gryffindoraf
1883,16677524,"Phúc Phạm","2026-08-07 20:16:24",570.1,2,phucpham77
1884,16687294,"Madiyar Khamzanov","2026-08-07 20:28:23",570.1,1,mkhamzanov
1885,16634060,"Chí Thành Đỗ","2026-08-02 05:11:58",569.9,2,chithanhdeptrai
1886,16666066,Khush3e,"2026-08-07 22:09:43",568.9,2,khush3e
1887,16670297,"Gebreab K. Zewdie","2026-08-06 08:27:48",568.9,1,gzewdie
1888,16669123,"Alex #2","2026-08-06 22:50:30",568.6,2,alxdfy
1889,16684202,Ignat,"2026-08-07 22:58:23",568.6,2,ignatgotin
1890,16667078,dprinzensteiner,"2026-08-05 14:06:26",568.0,2,dprinzensteiner
1891,16630251,"Handry Novianto","2026-08-04 09:00:48",567.8,2,handrynovianto
1892,16686613,Zubatch,"2026-08-08 00:25:36",567.8,2,zubatch
1893,16681480,"Kevin Nguyen","2026-08-07 18:29:47",567.6,1,haidangnguyen1802
1894,16660455,"Alex Kapend","2026-08-05 08:42:26",567.6,2,alexkapend
1895,16668810,ZZZZGOD,"2026-08-07 19:11:09",567.2,2,zzzzgod
1896,16671940,LJazya,"2026-08-07 04:38:23",567.0,2,jihanelek
1897,16669170,AsadUsmanFAST,"2026-08-05 22:37:33",566.6,2,asadusmanfast
1898,16661073,PyJa,"2026-08-04 15:16:55",566.5,1,pixiux
1899,16658535,khanna.rohit5,"2026-08-08 06:45:43",566.3,2,khannarohit5
1900,16633507,"Ivan Vorfolomeev","2026-08-01 00:49:06",566.3,2,ivanvorfolomeev
1901,16674266,HamYad,"2026-08-06 18:19:46",566.2,2,hamyadlab
1902,16652952,lackmind,"2026-08-07 20:19:36",566.1,2,lackmind
1903,16658304,"KETHAVATH Aadarsh","2026-08-05 21:00:45",565.8,2,kethavathaadarsh
1904,16687548,"Shubham Tibrewal","2026-08-07 23:19:54",565.3,2,researchai2026
1905,16652661,"Petru-Mihai Craciun","2026-08-05 14:55:07",565.3,2,petrumihaicraciun
1906,16666833,DenisKoronchik,"2026-08-06 19:10:23",565.1,2,deniskoronchik
1907,16684012,ceh,"2026-08-07 13:54:56",565.0,2,emilhessman
1908,16663267,"Sravya Isukapatla","2026-08-04 20:20:36",564.8,1,sravyaisukapatla
1909,16683441,Eura73,"2026-08-07 10:02:53",563.8,2,eura73
1910,16666447,"Shuaib ayad Jasim Jasim","2026-08-06 20:51:47",563.2,2,shuaibayadjasimjasim
1911,16672105,"Natural Stupidity","2026-08-07 06:09:53",562.7,2,"parthb21,sujaygolla"
1912,16661628,PradipBanerjee,"2026-08-05 21:03:11",562.6,2,pradipbanerjee
1913,16664558,"Praneeth Annapureddy","2026-08-05 04:52:45",562.5,2,praneethannapureddy
1914,16623515,fishcat,"2026-07-31 13:04:39",562.4,2,fishcat37
1915,16656641,AndrewEly8,"2026-08-05 00:56:32",561.8,2,andrewely8
1916,16638651,Emre,"2026-08-05 23:40:59",561.5,2,emre690
1917,16623006,"Aaradhy Singhvi","2026-08-06 23:44:37",561.2,2,aaradhysinghvi
1918,16658498,cheesama,"2026-08-04 23:36:18",561.2,2,cheesama
1919,16624253,"Ho Dinh Trieu","2026-08-07 11:18:06",561.1,2,hodinhtrieu
1920,16666614,"Arjun Annamalai","2026-08-06 14:14:49",560.3,2,arjunannamalai
1921,16665184,woorym,"2026-08-06 03:30:34",560.0,2,woorym
1922,16688220,Aadicv,"2026-08-08 04:41:20",560.0,2,aadicv
1923,16664818,"B M Dimpu Shree","2026-08-07 05:49:06",559.8,2,bmdimpushree
1924,16657664,"Nguyễn Anh Kiệt 28","2026-08-06 04:17:40",559.7,2,nguynanhkit28
1925,16689344,"Shalini Gangrade","2026-08-08 06:40:50",559.4,1,shalinig1
1926,16655820,"Cory Tortorici","2026-08-08 01:05:40",559.4,2,corytortorici
1927,16673266,Preet,"2026-08-07 15:56:42",558.7,2,hpkaur34
1928,16655263,rishavsaigal,"2026-08-08 02:30:58",558.5,2,rishavsaigal
1929,16637762,"Greek olive oil","2026-08-06 04:46:50",558.1,2,alexanderchar
1930,16639125,"Caio Coelho","2026-08-04 23:22:49",557.4,2,caio41
1931,16634239,"Radhakrishnan Guhan","2026-08-04 05:23:51",557.2,2,rmsgrk
1932,16675631,"Aswini Gowda","2026-08-07 09:24:49",557.1,2,aswinigowda
1933,16662790,"Derek Earnhart","2026-08-04 18:04:01",556.7,1,derekearnhart
1934,16664439,"Tony Thekkedath","2026-08-07 08:42:12",556.5,2,thekke
1935,16659614,"Heikki Leskelä","2026-08-08 05:37:17",556.3,2,heikkileskela
1936,16624414,"Chaitanya Jamble","2026-07-31 05:42:10",556.3,1,chaitanyajamble
1937,16627751,lzeee,"2026-07-31 11:04:41",556.2,2,shzgong
1938,16665040,"Arnav Yashlaha","2026-08-05 05:44:26",555.7,2,arnavyashlaha
1939,16685582,Wasaanyi,"2026-08-08 06:22:45",555.6,1,wasaanyi
1940,16671665,"Kobata Sota","2026-08-06 07:17:03",555.5,1,kobatasota
1941,16662985,DanTheDataScienceMan,"2026-08-05 17:40:06",555.5,1,danthedatascienceman
1942,16623643,LiXingtao,"2026-07-31 01:46:36",555.4,2,lixingtao123
1943,16660923,naganikshith,"2026-08-06 08:01:09",555.0,2,naganikshith
1944,16651157,StupidXie,"2026-08-05 11:18:24",554.5,2,stupidxie
1945,16688130,"Lujia Liang","2026-08-08 03:05:03",554.2,2,lujialiang123
1946,16677303,"Chase Martyn","2026-08-08 02:17:05",553.1,2,chasemartyn
1947,16625149,Rubylicious,"2026-07-31 07:53:00",553.0,2,labibahalya
1948,16664064,lookapmaka,"2026-08-08 01:37:24",552.3,1,lookapmaka
1949,16621572,"Abdulazeez AbdulMumeen","2026-08-05 10:59:27",552.0,2,ayobeen
1950,16663804,"Fredy Meyer","2026-08-05 20:19:51",551.9,2,alexmeyerm
1951,16655881,"Zhuoran Zhao","2026-08-07 16:50:04",551.5,2,yearcakes
1952,16668813,zhaowang,"2026-08-06 05:19:52",551.5,2,zhaowangwang
1953,16631609,dlougen,"2026-08-04 16:40:03",551.4,2,dlougen
1954,16658875,"Noah Bishop","2026-08-07 08:44:54",551.3,2,noahbishop1
1955,16650485,nasu726,"2026-08-07 16:59:44",551.0,2,nasu726
1956,16677945,"Quân Trần","2026-08-08 04:19:55",550.9,2,wuntrn
1957,16660287,BhatNasir,"2026-08-04 16:29:18",550.1,2,nasir94
1958,16662592,"Vladislav Yushkevich","2026-08-06 21:21:38",550.0,2,"crazyflyingsheep,vladislavyushkevich"
1959,16651872,Evgen21,"2026-08-05 14:03:50",549.6,2,evgen21
1960,16630418,Sriram,"2026-08-07 08:31:51",549.3,1,"ritanshuprasad,sriramlingavel01"
1961,16661014,manu,"2026-08-07 01:56:20",549.0,2,manupandit
1962,16664327,"Maged Hegazy","2026-08-06 13:13:28",548.8,2,magedhegazy
1963,16633984,"Mongkhon Hatit","2026-08-04 11:58:56",548.5,2,mongkolhatit
1964,16668522,"Moatez Litaiem","2026-08-06 16:57:54",548.0,2,moatezlitaiem04
1965,16660430,"Hassaan Ibrahim","2026-08-04 12:24:31",547.6,2,hassaanibrahim
1966,16661585,"Fully Liquidated","2026-08-08 03:09:07",547.0,2,kriskilgroe
1967,16623631,SeaEag1e,"2026-07-31 06:26:17",547.0,1,seaeag1e
1968,16657574,harikrishnacs,"2026-08-04 12:28:53",546.8,2,harikrishnacs
1969,16669703,AnubhavBhadani142,"2026-08-07 07:29:54",546.5,2,anubhavbhadani142
1970,16658366,kuroneko,"2026-08-04 10:43:29",545.7,2,kurorosuke
1971,16638019,Randynho,"2026-08-02 20:19:51",545.7,2,randynho
1972,16658042,"Giampietro Pregnolato","2026-08-05 10:30:12",545.5,2,giampietropregnolato
1973,16630896,OpenBuilder,"2026-08-06 04:06:40",545.4,2,weijunguo
1974,16644023,"Yiğit Efe Albaş","2026-08-02 18:34:39",544.8,1,yiitefealba
1975,16664352,"Shreyash Asati","2026-08-06 10:40:56",544.6,1,shreyashasati
1976,16658895,kunihiro,"2026-08-06 01:08:41",544.5,1,kunihiro
1977,16660653,"yuvaraj kanchana","2026-08-07 21:55:16",544.1,2,yuvarajkanchana
1978,16658693,leehuilong,"2026-08-06 12:49:22",544.0,2,leehuilong
1979,16658520,drownedsnake,"2026-08-05 01:03:22",543.9,2,makerplay
1980,16663286,"Fan Wang","2026-08-06 02:56:56",543.3,2,wangfan420
1981,16623385,"ISAKA Tsuyoshi","2026-07-31 00:31:34",543.2,2,isakatsuyoshi
1982,16671622,"Isaac Diaz Lopez","2026-08-08 03:03:32",542.9,2,isaacdiazlopez
1983,16658202,"SNAEHATH P","2026-08-06 13:51:15",542.9,2,snaehath
1984,16658051,SethuMadhavan004,"2026-08-05 12:48:13",542.5,2,sethumadhavan004
1985,16688859,"Muhammad Fayaz Khan","2026-08-08 06:36:02",542.5,2,mfayazkhan
1986,16671425,"Gajenddra Raj","2026-08-08 01:47:03",542.2,2,gajenddra
1987,16663240,"Rilen T. L.","2026-08-07 22:52:37",542.2,2,rilentl
1988,16666596,"Daumas Benjamin","2026-08-07 21:42:06",541.3,2,daumasbenjamin
1989,16644053,Rafiozoo,"2026-08-03 19:26:40",541.1,2,rafiozoo
1990,16628268,toxic_2499,"2026-08-07 06:47:58",541.1,2,toxic2499
1991,16653379,"Asakawa Ruriko","2026-08-07 16:57:40",541.1,2,asakawaruriko
1992,16623582,yunsuxiaozi,"2026-08-01 13:59:57",540.7,2,yunsuxiaozi
1993,16676497,"Non-veg plants","2026-08-07 09:54:00",540.6,2,mohammadshadabshaikh
1994,16675686,"PRERIT MAURYA","2026-08-08 06:25:17",540.3,2,preritmaurya
1995,16681778,kzeus@003,"2026-08-07 22:21:39",540.2,2,kzeus003
1996,16675462,bkcoban,"2026-08-07 18:22:48",540.2,2,bkcoban
1997,16625418,"Hariprasanth Paranjothy","2026-08-01 05:52:19",540.2,2,hariprasanth8
1998,16663976,"wangyang denis","2026-08-08 04:14:16",540.0,2,wangyangdenis
1999,16661717,"Yaswanth Ippili","2026-08-06 11:32:13",540.0,2,yaswanthippili
2000,16668093,Sai_Dattu,"2026-08-07 07:35:01",539.6,2,saidattu2003
2001,16672292,"KARTIKEY PANWAR","2026-08-06 05:46:16",539.5,2,kartikeypanwar
2002,16657054,"ömer umut güngör","2026-08-05 06:10:22",539.5,2,merumutgngr
2003,16659681,"Aditya Seth","2026-08-08 06:54:21",539.4,2,adityaseth777
2004,16624879,indira,"2026-07-31 06:52:02",539.1,2,inansia
2005,16623503,"D Mohith","2026-08-01 01:06:22",538.6,2,dmohith
2006,16671670,"Karla Ziegler","2026-08-07 16:38:55",537.8,2,karlaziegler
2007,16654401,ChronoForensics,"2026-08-07 23:26:01",537.7,2,ryanwollmuth
2008,16668430,"john inan","2026-08-07 00:34:32",537.7,2,johninan
2009,16661659,"Ivan Zagorulko","2026-08-05 10:53:13",537.4,2,normaldaki278
2010,16676085,"Giordano Dolenz","2026-08-06 19:32:32",537.4,2,giordanodolenz
2011,16665191,JoJa,"2026-08-07 07:49:36",537.2,2,"mojyou,noahzx"
2012,16652446,"tine.sh agent","2026-08-03 14:27:07",537.2,2,sidcodegg
2013,16669494,"Abdullah Razi","2026-08-07 11:22:30",537.1,2,abdullahroninrazi
2014,16662128,BenPalmer59,"2026-08-07 21:48:02",536.0,2,benpalmer59
2015,16657063,"those how","2026-08-04 07:50:57",535.8,2,thosehow
2016,16664406,"MURDER GOOSE","2026-08-05 09:45:33",535.8,2,ujjwalar
2017,16675215,"Viljen Apalset Vassbø","2026-08-06 22:24:44",535.4,2,viljenapalsetvassb
2018,16624824,GoofyGenius,"2026-08-04 09:36:00",534.9,2,goofygenius
2019,16622842,Will,"2026-07-30 19:31:55",534.8,1,wguesdon
2020,16665134,edteoh,"2026-08-08 01:40:21",534.7,2,edteoh
2021,16656932,"Thivvin Raj","2026-08-06 06:32:48",534.4,2,thivvinraj
2022,16621402,Maxim,"2026-07-31 06:46:07",534.2,2,ektarr
2023,16665228,Jason_Qian,"2026-08-05 16:00:43",533.8,2,jasonqia
2024,16661786,Nagaraju,"2026-08-07 12:57:19",533.3,2,orugantn
2025,16627581,AidenSong123,"2026-08-06 05:12:50",533.1,2,aidensong123
2026,16676308,DC,"2026-08-07 17:50:47",533.1,2,choudahchiun
2027,16687448,"Israel Burns","2026-08-07 21:56:15",532.7,1,israelburns
2028,16660317,esgranja,"2026-08-04 18:58:48",532.6,1,esgranja
2029,16656951,"[Deleted] 6015b650-8e16-4705-8036-db40bdd2d353","2026-08-04 09:08:05",532.6,1,del=084ea76838ad756b
2030,16629201,"GUILLERMO REY PANIAGUA","2026-08-01 16:41:58",532.3,2,guillermoreypaniagua
2031,16640814,"Kritika Adhikari","2026-08-07 09:25:26",532.3,2,kritikaadhikari
2032,16669945,"Turab Zaidi","2026-08-07 13:27:44",531.7,2,turabzaidi
2033,16661990,"Olaoluwa Abiodun","2026-08-05 14:57:07",531.7,2,laoluwaa
2034,16670118,"Álvaro Benítez","2026-08-06 18:59:06",531.4,2,lvarobentezlvarez
2035,16644891,yankang_XZK,"2026-08-03 10:35:48",531.3,2,yankang233
2036,16638953,"Joe Young","2026-08-03 19:23:13",531.3,2,jsphyg
2037,16667759,"Nafis Fuad Shahid","2026-08-05 19:21:39",530.6,2,nafisfuadshahidd
2038,16661648,"Vân Nguyễn","2026-08-07 12:28:42",530.4,2,vunnguyen
2039,16675493,"Ryotaro Minato","2026-08-08 01:49:28",530.3,2,ryotarominato
2040,16687716,"Joshua Fernando","2026-08-08 06:00:28",530.2,2,joshuafernandoj
2041,16641501,Sonal,"2026-08-03 08:43:10",530.2,2,sonalm13
2042,16681441,"Lamiaa Al-bdrani","2026-08-07 04:25:50",530.0,1,lamiaaalbdrani
2043,16673923,"Gabriele Giacometti","2026-08-07 18:29:00",529.6,2,gabrielegiacometti
2044,16657681,"Prince Raj","2026-08-07 10:49:28",529.5,2,princerajmdb
2045,16666071,"Arda Yıldız","2026-08-07 20:17:56",529.3,2,xreina8
2046,16685028,"serene ng","2026-08-07 13:22:25",528.4,1,sereneng
2047,16662318,"Bardia Bahadori","2026-08-07 20:02:10",528.1,2,bardiabahadori
2048,16621585,"Rokaiya Somapti","2026-07-30 19:57:21",527.7,1,rokaiyasomapti
2049,16675780,susutem,"2026-08-08 06:35:09",527.2,1,susutem
2050,16660343,"Mert Olgun899","2026-08-05 13:05:07",527.2,2,mertolgun899
2051,16623678,Mahog,"2026-08-01 01:02:12",527.0,2,mahoganybuttstrings
2052,16632503,"Wei Hsiang Lin111","2026-08-01 07:42:33",526.5,2,weihsianglin111
2053,16664401,"Pranav Premchand","2026-08-05 03:07:24",525.6,1,pranavpremchand
2054,16659588,"Priya J","2026-08-07 03:12:45",525.5,2,priyaj21
2055,16659663,Chintakrinda_Naveen,"2026-08-08 04:18:47",525.0,2,naveen998
2056,16663241,"Kris Adamatzky","2026-08-07 18:42:29",524.9,2,krisadamatzky
2057,16670596,prabalsingh_23,"2026-08-05 22:38:05",524.6,1,prabalsingh23
2058,16670883,G*Sim,"2026-08-06 15:38:59",524.0,2,guillaumesimiand
2059,16656902,"Ram Chandra Gupta","2026-08-05 10:18:41",524.0,2,ramchandra142
2060,16660228,"Ochuwa Pearl Isa","2026-08-06 09:29:36",523.8,2,pearlisa
2061,16663258,sawe,"2026-08-05 17:07:24",523.4,2,boiihhh
2062,16659874,"ding yumeng","2026-08-04 11:07:15",523.2,1,dingyumeng
2063,16655630,askBillyWhatMamaDid,"2026-08-08 04:35:59",522.9,2,askbillywhatmamadid
2064,16676482,GitLyf,"2026-08-08 04:20:13",522.5,2,"jaideva30,rohithkrishnaak"
2065,16681655,"Tae seong Gim","2026-08-07 04:55:34",522.1,1,taeseonggim
2066,16674278,"Niels de Gier","2026-08-07 15:57:04",521.9,2,nielsdegier
2067,16669516,GorgeousCookie,"2026-08-06 09:17:13",521.4,2,axellindqvist
2068,16662428,"Sonu kumar","2026-08-06 06:00:43",521.2,2,sonukumar9142
2069,16657145,"Shudipto Trafder","2026-08-04 19:25:24",520.5,1,iamsdt
2070,16661095,"AAYUSHMAAN PATEL","2026-08-06 17:56:01",520.4,2,aayushmaanpatel
2071,16662690,"Pablo Gomez Perez","2026-08-07 06:10:15",520.2,2,pablogp
2072,16677761,"Rithuraj Nambiar","2026-08-06 18:11:41",519.4,2,rithurajnambiar
2073,16623135,mohduwaishchaudhary,"2026-07-30 22:05:45",518.5,2,muwaish5
2074,16682386,"Charbel Nehme","2026-08-08 01:32:20",518.2,2,charbelnehme
2075,16656568,"FARIATHTHEEN F","2026-08-04 11:44:49",517.5,2,fariaththeenf
2076,16630772,"Mitsuhiro Iizuka","2026-08-04 10:31:00",517.1,2,mitsuhiroiizuka
2077,16678819,"Digant Kathiriya","2026-08-07 02:07:51",516.8,2,digantkathiriya
2078,16630662,Akshatjhawar777,"2026-08-05 12:18:30",516.8,2,akshatjhawar777
2079,16633934,Alexy,"2026-08-02 08:48:27",516.7,2,alexycactus
2080,16671773,"Sawyer Lundberg","2026-08-07 03:33:23",516.2,2,sawyerlundberg
2081,16664129,"Mr M 8641","2026-08-06 18:57:45",516.0,2,mrm8641
2082,16630779,Jimmer,"2026-08-06 21:51:21",515.9,2,przemysawonr
2083,16663815,"Tetsuya Sasaki","2026-08-05 04:30:30",515.7,2,sasakitetsuya
2084,16666216,missss,"2026-08-06 06:49:00",515.1,2,missssb
2085,16668523,Bumblerrr,"2026-08-06 19:46:02",515.0,2,bumblerrr
2086,16679096,WilliamXylean,"2026-08-08 04:41:27",514.4,2,williamxylean
2087,16670475,Adib,"2026-08-06 02:02:27",513.7,2,adibemohamed
2088,16656579,"Riad Rayhan","2026-08-08 05:39:25",513.6,2,riadrayhan
2089,16656913,"Inna Davidov","2026-08-06 09:11:31",513.1,2,innadav
2090,16656608,"Jeffrey Dilley","2026-08-04 15:40:08",512.2,1,jeffreydilley
2091,16668022,"Lady and tech","2026-08-08 05:28:25",512.0,2,ladyandtech
2092,16624935,"Anjana mohan","2026-08-01 06:06:39",511.8,2,anjanamohan13
2093,16671420,"Chengchen Duan","2026-08-06 02:19:56",510.9,1,chengchenduan
2094,16644877,lu_fish,"2026-08-03 07:34:15",510.7,2,thefish114514
2095,16623071,"Santiago Maniches","2026-08-02 03:45:53",510.0,2,santmani
2096,16660294,"Mohamed Amadu Bangura","2026-08-04 16:14:07",510.0,1,mohamedamadubangura
2097,16677047,LINOXYR,"2026-08-07 21:24:29",509.6,2,linoxyr
2098,16666257,"Shijian Wen","2026-08-06 09:40:44",509.4,2,shijianwen
2099,16664116,"Bogdan Sburlea","2026-08-07 23:53:34",509.4,2,bogdan1405
2100,16654688,"Terrell Millz","2026-08-04 20:31:27",509.3,2,terrellmillz
2101,16666958,TinkerBotics,"2026-08-05 20:29:19",508.8,2,salosojaedwin
2102,16676974,"Deveshwar U","2026-08-06 18:49:27",508.0,2,deveshwaru
2103,16660330,wangyikai,"2026-08-07 16:13:44",507.8,2,wangyik
2104,16655763,"Diogo Sena","2026-08-07 02:10:40",507.6,1,diogodmsena
2105,16661034,"Devesh Mehta","2026-08-04 17:53:22",507.0,2,deveshmehtaaie
2106,16665470,KanakoS,"2026-08-07 09:41:34",506.9,2,kanakos
2107,16668268,"Kunal Rout","2026-08-06 05:48:25",506.7,2,charlotte26
2108,16681116,Kagamihara,"2026-08-07 13:19:29",506.6,2,kagamihara
2109,16663981,"Steven Pun","2026-08-07 01:59:52",506.4,2,stevenpunn
2110,16663658,oriolgalceran,"2026-08-08 06:39:55",506.1,2,oriolgalceran
2111,16663284,"Aman Prakash","2026-08-06 09:38:07",505.8,2,amanprakash777
2112,16661068,ZeViX,"2026-08-05 07:38:18",505.7,2,"codinggeek101,vedantkhete"
2113,16685207,"Koushik Thummu","2026-08-07 18:15:47",505.6,2,koushikthummu
2114,16652230,BorisSpider,"2026-08-07 13:58:18",505.3,2,borisspider
2115,16679470,"GamaL Mahmoud","2026-08-07 20:51:52",505.1,2,gamalmahmoudtaha
2116,16621165,"xisheng feng","2026-07-31 01:31:47",505.0,2,xishengfeng
2117,16679079,"cedric stephan ","2026-08-07 21:07:36",504.6,2,cedricstephan
2118,16656190,"Akshaj Shandilya","2026-08-06 03:14:36",504.6,2,akshajshandilya
2119,16660413,Ritesh-2006,"2026-08-04 18:22:57",504.5,2,ritesh2006
2120,16671913,res67,"2026-08-07 16:22:30",504.3,2,junyeanyap
2121,16626105,sasaki,"2026-07-31 15:58:13",504.3,2,rsasaki
2122,16630007,"Yuankun Liu","2026-07-31 15:48:13",504.2,2,lyk1652
2123,16654175,abhiv142,"2026-08-08 05:04:21",503.9,2,abhiv142
2124,16658795,"Case Seller","2026-08-05 08:35:47",503.6,2,caseseller
2125,16633475,betagammashtrit,"2026-08-07 04:22:45",503.1,2,betagammashtrit
2126,16660489,"Luca Lullo","2026-08-05 20:21:38",502.9,2,lucalullo
2127,16669102,Ritik,"2026-08-07 18:11:13",502.3,2,xritikx
2128,16684093,"fog flower","2026-08-07 12:33:14",501.6,2,fogflower
2129,16683982,Kenny,"2026-08-07 23:45:58",501.0,2,kmonar
2130,16671714,"Donnell Layne","2026-08-07 15:40:35",500.7,2,jupiter1127
2131,16664004,"Me, Myself, and I","2026-08-08 00:23:06",500.2,2,notlunarxd
2132,16661002,"Eliyas sk","2026-08-05 13:00:35",500.2,2,eliyassk
2133,16670565,"Grant Biellak","2026-08-05 22:52:01",499.7,2,grantbiellak
2134,16641140,NITISH_GOYAL1,"2026-08-06 04:50:20",499.3,2,nitishgoyal1
2135,16681149,Lee14k,"2026-08-07 11:37:49",498.4,2,lee14k
2136,16668592,"Ashutosh jatav","2026-08-08 05:50:40",498.2,2,ghost1412
2137,16661352,"Porch Goose","2026-08-04 17:09:27",497.5,2,jaclyndeem
2138,16641606,"Tanisha Sahu","2026-08-02 14:39:27",496.8,2,tanisha3
2139,16658817,"Andrew Glez","2026-08-04 12:10:17",496.7,1,andgos
2140,16668431,"Harshpreet Singh #2","2026-08-06 01:06:28",496.6,1,harshpreetsingh45
2141,16635055,CHCHENTW,"2026-08-08 04:45:37",496.3,2,chchentw
2142,16667987,"Kunj Kansara","2026-08-05 13:41:26",496.2,1,kunjkansara
2143,16657438,"Udit Aggarwal1","2026-08-08 03:20:54",495.9,2,uditaggarwal1
2144,16667872,"Pralay Ghosh","2026-08-07 22:31:29",495.9,2,pralayghosh83
2145,16670188,orivael,"2026-08-05 21:20:17",495.9,2,orivael
2146,16658278,"Malcolm Durosaye","2026-08-07 19:55:47",495.7,2,malcolm95
2147,16656470,Glimmeron,"2026-08-08 06:59:39",495.5,2,rishabhraushan
2148,16683288,HuaLQin,"2026-08-07 18:25:57",495.3,2,hualqin
2149,16658512,fatariq,"2026-08-04 18:49:55",495.3,1,fatariq
2150,16675916,Lorenzo176ITA,"2026-08-06 20:43:10",495.0,2,"alessiopap,lorenzo176ita"
2151,16669218,"Shaik Sabiya","2026-08-05 16:53:46",495.0,1,shaiksabiya55
2152,16634219,"Michael J Hammel","2026-08-01 11:37:10",493.7,2,michaeljhammel
2153,16640067,"minghao mei","2026-08-02 09:57:29",493.5,1,minghaomei
2154,16680858,"Harshul Gupta","2026-08-08 04:27:24",492.9,2,harshulgupta77
2155,16649421,Eltormtace,"2026-08-06 02:16:01",492.8,2,eltormtace
2156,16658489,小出和見,"2026-08-06 19:25:50",492.4,2,kzmk8d
2157,16640810,まさやん,"2026-08-05 09:42:01",492.1,2,masayam1234
2158,16664072,"victor aguilera","2026-08-07 22:42:20",492.0,2,viaguilera
2159,16667101,SundharSteyn,"2026-08-08 06:59:52",491.8,2,sundharsteyn
2160,16668453,"Kawish Hassan","2026-08-05 16:51:03",491.2,2,kawishhassan
2161,16655257,"Afia Animah Fosu","2026-08-04 18:21:50",491.1,2,afiaanimahfosu
2162,16664514,"Henry Adjanor tetteh","2026-08-06 22:41:47",491.0,2,henryadjanortetteh
2163,16659018,"Ramziddin Toxirov","2026-08-06 11:58:39",490.9,2,ramziddintoxirov
2164,16657883,jps,"2026-08-06 08:36:04",489.8,2,jahaziel
2165,16655424,Fayche,"2026-08-07 02:25:05",489.5,2,fayche
2166,16673167,Karam96,"2026-08-07 17:06:36",489.3,2,karam96
2167,16662319,ethan.ai,"2026-08-07 17:49:09",489.2,2,ethanai
2168,16665996,AVATAR3905,"2026-08-06 18:14:01",488.6,2,avatar3905
2169,16667324,"Muhammed selim Bilic","2026-08-07 07:21:03",488.4,2,muhammedselimbilic
2170,16684031,"Phillip Kamundia","2026-08-07 21:15:06",488.1,2,phillipkamundia
2171,16655080,"Mohamed Judi","2026-08-07 23:46:58",488.0,2,mhjudi
2172,16655250,"Juan Pablo Ponce","2026-08-08 03:34:18",487.9,2,juanpabloponce28
2173,16661390,"Raúl García Gómez","2026-08-04 17:04:39",487.6,2,corso138
2174,16658882,"toukali samir","2026-08-07 13:43:05",487.6,2,toukalisamir
2175,16665471,"Dennis Navamani","2026-08-07 12:39:37",487.4,2,dennisnavamani
2176,16662914,"Apollo's cattles","2026-08-05 20:19:37",487.3,2,"icr007,kennethlie16"
2177,16661402,"Abin Biju","2026-08-05 19:49:15",487.0,2,abinbiju1
2178,16662293,"Alejandro Fonda","2026-08-05 15:39:56",487.0,2,alejandrofonda
2179,16689183,Hawksartelier,"2026-08-08 06:58:53",486.8,1,satyapb2002
2180,16681188,"Tresor Mufalme.","2026-08-08 06:36:45",486.8,2,tresormufalme
2181,16637329,Rucbic,"2026-08-05 20:16:23",486.6,2,rucbic
2182,16657520,"Joel De la Cruz Fuertes","2026-08-07 16:43:10",485.9,2,joeldcf
2183,16684847,"M.Harshavardhan Raju","2026-08-08 07:07:58",485.7,2,mharshavardhanraju
2184,16663990,"OURNO PAPA SALIF","2026-08-07 23:18:43",485.2,2,belfiremine
2185,16660980,"João Marcelo Curi","2026-08-05 18:31:19",484.6,2,joomarcelocuri
2186,16661132,"Jia Chen","2026-08-06 20:07:01",484.3,2,jiachenjasper
2187,16655446,"Ismael Omar Leonidas Hurtado Vargas","2026-08-04 00:07:01",483.8,1,ihurtadov
2188,16677178,"YOUSSEF FAID","2026-08-07 22:19:16",483.8,2,yousseffaid
2189,16644508,"Vandana Pathania","2026-08-04 02:16:37",483.7,2,vandanapathania
2190,16621610,NMarkS,"2026-08-05 10:24:47",483.5,2,nmarks
2191,16675610,"Srikar Medisetti","2026-08-06 15:08:15",482.5,2,deathaunter
2192,16662197,"Zehra Basaral","2026-08-07 10:42:57",482.1,2,zehrabaaral
2193,16658011,"Arooba Hanif","2026-08-05 07:24:53",482.0,2,aroobahanif
2194,16641665,huangjunjia,"2026-08-04 14:12:26",481.9,2,huangjunjia777
2195,16674076,rigsutra,"2026-08-07 20:35:14",481.9,2,rigsutra
2196,16643278,"Giovani Moresco","2026-08-06 05:30:45",481.9,2,giovanimoresco
2197,16658960,"Amit Kumar","2026-08-06 05:44:30",481.6,2,anmitkumar
2198,16632118,nk,"2026-08-07 16:37:20",481.2,2,nagatakengo
2199,16682869,"Sepideh Rahmati","2026-08-08 01:31:17",481.0,2,sepidehrahmati
2200,16663884,Parhamesm,"2026-08-06 20:05:26",480.8,1,parhamesm
2201,16638343,"Phong Khoi","2026-08-04 12:20:52",480.8,2,phongkhoi
2202,16658344,SOONHANKWON,"2026-08-06 00:49:15",480.5,2,soonabletv
2203,16675468,"atakan akgün","2026-08-06 18:26:47",480.5,2,atakanakg
2204,16661453,"Disleve Kanku","2026-08-06 01:38:17",480.4,1,dislevekanku
2205,16654788,bumbum,"2026-08-07 18:22:26",480.2,2,krzysztoff1
2206,16652334,"Aldibek [dsmlkz]","2026-08-04 07:56:12",480.1,2,aldibek
2207,16663368,"Laurence Dale","2026-08-05 16:57:46",479.4,2,laurencedale
2208,16666590,"Hoàng Anh Tú","2026-08-08 02:53:59",479.3,2,anhtu9999
2209,16675585,"Jacob Joy","2026-08-07 23:48:43",479.2,2,jac0b1
2210,16633786,tuannm3812,"2026-08-06 13:06:42",479.0,1,tuannm3812
2211,16660568,Fascetta,"2026-08-07 20:48:53",478.5,2,fascetta
2212,16685164,cleanledger,"2026-08-07 13:38:23",478.3,2,cleanledger
2213,16668141,"Soichiro Mochizuki","2026-08-07 22:13:36",478.3,2,soichiromochizuki
2214,16662615,"Anurag irawit","2026-08-07 09:42:53",477.8,2,anuragirawit
2215,16654193,fvong,"2026-08-08 04:37:52",477.2,1,fvong35963
2216,16676205,"Alhassan Fedawy","2026-08-07 22:07:56",476.7,2,alhassanfedawy
2217,16654330,"Perumalla Pujitha","2026-08-06 07:59:08",476.6,2,perumallapoojitha
2218,16668271,"Shashank Raj","2026-08-06 14:27:00",476.4,2,ssr6156
2219,16685615,Spectra,"2026-08-07 16:14:32",476.3,2,thomaskressig
2220,16671519,"Mandhati Sai ganesh","2026-08-06 06:36:45",476.0,2,mandhatisaiganesh
2221,16636643,"Babul Kumar","2026-08-02 07:46:50",475.9,2,babulkumar07
2222,16659286,shane18,"2026-08-07 15:35:52",475.9,2,shane18
2223,16656143,"Debanshu Mallick","2026-08-07 05:27:56",475.7,1,debanshumallickiisc
2224,16675739,"Jithendra Maddala","2026-08-06 19:23:33",475.4,2,jithendramaddala
2225,16657545,"Deepak Singh","2026-08-08 05:56:59",475.2,2,vihaannegi
2226,16672168,"Justin Rutkowski","2026-08-07 10:48:15",474.7,2,justinrutkowski
2227,16659459,"Akandé Philippe ABIODOUN","2026-08-06 11:58:09",474.7,2,vrmelo
2228,16664671,Acteus,"2026-08-06 00:01:12",474.6,2,acteus
2229,16659312,qwertyDmitry,"2026-08-05 13:44:24",474.0,2,qwertydmitry
2230,16665449,AgroVisionAI,"2026-08-07 18:33:45",473.9,2,"aishwaryvarshney,bhuppisharma,kirtisharmaphd,pragyasingh59,priyasingh0590"
2231,16666577,"Jatin khandelwal112","2026-08-05 11:26:41",473.9,2,jatinkhandelwal112
2232,16666410,"Binil George","2026-08-08 03:18:33",473.8,2,binilg
2233,16657587,PxlPau,"2026-08-04 14:37:52",473.6,2,studybeetutoring
2234,16635130,Pongsaky,"2026-08-01 12:56:02",473.5,2,gantanch
2235,16660531,greySnow,"2026-08-08 00:36:32",473.2,2,shlomoron
2236,16658116,Emmy,"2026-08-07 08:44:17",473.1,2,emmyone
2237,16672370,"Yash Barhanpurkar","2026-08-08 06:33:35",473.0,2,yashbarhanpurkar
2238,16642036,enddl22,"2026-08-06 18:28:03",473.0,2,enddl22
2239,16673034,"Milos Vlainic","2026-08-07 15:42:37",472.6,2,wlakinsson
2240,16661891,BALLEN1337,"2026-08-04 19:22:30",472.6,2,ballen1337
2241,16666171,"JD Crew","2026-08-06 12:52:58",472.5,2,"abhijnanpodder,ahsafabid"
2242,16659957,"Jaydon J P","2026-08-07 14:19:14",472.5,1,jaydonjp
2243,16641330,"Takuya Yoshimi","2026-08-04 05:16:22",472.4,2,tkyysm
2244,16664454,"Naga Vinay Avvaru","2026-08-05 07:04:44",472.1,2,anagavinay
2245,16639624,"Nishanth Rajan","2026-08-02 03:25:35",471.7,2,nishanthrajandev
2246,16666944,"Meghnath S","2026-08-07 06:33:08",471.0,2,meghnaths
2247,16659688,Daniel,"2026-08-05 12:21:37",469.6,2,danielyazgi
2248,16623739,SarsaShen,"2026-08-05 07:12:00",469.6,2,sarsashen
2249,16685990,VictorAndrew,"2026-08-07 19:24:37",469.5,2,vicktvr
2250,16668012,"Aleksander Iżemski","2026-08-05 20:52:54",469.4,2,aizemski
2251,16655689,花朝,"2026-08-05 04:10:02",469.3,2,xhxyyds
2252,16666147,"Khalid Bin Hethlain","2026-08-06 03:51:41",469.0,1,khalidbinhethlain
2253,16677565,"Avish Sinha","2026-08-08 06:35:18",468.7,2,avish006
2254,16622097,"Garrick C.P.","2026-08-01 12:22:08",467.9,2,garrickchinnis
2255,16661930,zzangsunghyeon,"2026-08-06 17:13:44",467.3,1,zzangsunghyeon
2256,16685342,"Kanth Da","2026-08-07 16:04:42",467.1,2,kanthda
2257,16628409,"yann sadowski","2026-07-31 09:39:25",466.9,1,yannsadowski
2258,16665252,"Harsh Katara","2026-08-05 06:51:14",466.1,1,harshkatara
2259,16660515,"pooja sandali","2026-08-08 05:51:03",465.8,2,poojasandali
2260,16641294,YogeshG22,"2026-08-03 17:58:51",465.8,2,yogeshg22
2261,16664469,"Thorlapati Nikhil","2026-08-07 13:28:08",465.3,2,thorlapatinikhil
2262,16665543,"Charan Manthena","2026-08-07 10:16:51",465.3,2,charanmanthena
2263,16660369,"Dev MCP","2026-08-04 12:59:09",464.2,1,nishant2905
2264,16675000,"Carl Bell","2026-08-06 19:07:50",464.2,1,allegedcarlbell
2265,16668241,"Shreyansh Kanotra","2026-08-06 17:53:05",464.2,2,shreyanshkanotra
2266,16639679,"Felix Allistar","2026-08-03 14:21:40",464.1,2,felixallistar
2267,16660397,Divyansh82Raj,"2026-08-04 15:01:28",463.1,2,divyansh82raj
2268,16660341,"Nefise Aybar","2026-08-04 12:37:29",462.9,2,nefiseaybar
2269,16673152,"Arijit Raj","2026-08-06 08:23:14",461.3,2,arijitraj02
2270,16659975,"Rahul Sain","2026-08-05 18:54:58",461.1,2,rahulsain2001
2271,16666334,UnderBlade,"2026-08-05 09:56:11",460.9,2,"athillazaidan,kurtmikhael"
2272,16670659,saumyagupta12,"2026-08-08 06:11:36",459.9,2,saumyagupta12
2273,16662646,"Jay Parsana","2026-08-05 19:11:16",459.5,2,jay051
2274,16653001,"Alexey Kuleshov","2026-08-04 12:07:51",458.3,2,alexkulll
2275,16682229,"mayuri sarangi","2026-08-07 08:02:17",457.0,2,mayurisarangi
2276,16678653,Wzjj98,"2026-08-06 19:31:39",456.3,1,wzjj98
2277,16628404,theken,"2026-08-06 14:20:52",456.0,2,theken
2278,16683435,CoorDi,"2026-08-07 09:16:42",455.8,2,bxy0125
2279,16664619,"Trupen Patel","2026-08-07 13:58:55",455.7,2,trupenpatel
2280,16655555,Bharath2411,"2026-08-07 18:03:34",455.7,1,bharath2411
2281,16665336,"maoyuan ma","2026-08-06 01:11:22",455.5,2,maoyuanma
2282,16663040,"BARBARA GASKINS","2026-08-08 04:23:33",455.5,2,barbaragaskins
2283,16630520,dimitris_x94,"2026-08-07 21:06:56",455.3,2,dimitrisx94
2284,16688884,"As Wasti","2026-08-08 05:47:26",455.3,1,aswasti
2285,16659529,"Sanchit Jain","2026-08-05 05:58:55",455.0,2,sanchit1609
2286,16658983,"Titi Huang","2026-08-07 08:43:29",454.6,2,titihuang
2287,16653105,James,"2026-08-06 17:52:02",454.4,2,jamesquirk
2288,16675218,데미안과마루,"2026-08-08 02:38:06",454.3,2,siver3
2289,16662967,"Amalio Gomez","2026-08-04 22:07:16",453.7,1,amaliogomez
2290,16635243,MlMlDev34,"2026-08-01 11:26:52",452.5,2,mlmldev34
2291,16682342,"Jebez Oswald","2026-08-07 10:46:58",451.9,2,jebezoswald
2292,16658319,"Huỳnh Nguyễn Trọng Tín","2026-08-06 06:23:40",451.3,2,tnhunhnguyntrng
2293,16671607,"Chanhyuk Han","2026-08-06 12:59:12",450.9,2,chanhyukhan
2294,16658733,luoqiuy,"2026-08-04 10:46:04",450.9,2,luo912
2295,16640683,Jason-Oh,"2026-08-08 05:50:01",450.9,2,dossantoss
2296,16631777,KiKi,"2026-08-05 16:45:28",450.8,2,kingkiller2164
2297,16672493,ChloeeeeY,"2026-08-06 14:25:11",450.6,2,chloeeeey
2298,16665400,FieldOps,"2026-08-08 06:37:01",450.5,2,sycpr1me
2299,16679389,"JOMIN URK21CS1077","2026-08-07 15:45:51",450.5,2,jominurk21cs1077
2300,16667105,"Vikram Tiwari","2026-08-07 13:08:02",450.4,2,vikramtiwari
2301,16660957,CREVATEC,"2026-08-07 11:06:28",450.2,2,"olakunleolalekan,samueloladeji"
2302,16669725,chosunghwan,"2026-08-06 03:52:24",450.0,1,chosunghwan
2303,16656946,"Sambit Padhan","2026-08-05 10:10:10",450.0,2,sambitpadhan
2304,16676803,"Josue Villao","2026-08-07 15:22:54",450.0,2,josuevillao
2305,16666997,"Krishnamurthy Venkatasubramanian","2026-08-05 15:09:46",449.9,2,krishnamurthyvenkat
2306,16656480,"Dip Biswas","2026-08-07 04:35:56",449.5,2,dipjacobiswas
2307,16656304,"Gururaj Athani","2026-08-07 15:26:55",448.6,2,gururajathani
2308,16667565,BeeDeeR,"2026-08-06 23:24:03",448.5,2,beedeer
2309,16677732,"Alessandro Mermali","2026-08-06 20:52:35",448.4,2,alessandromermali
2310,16662267,"Fahim Montasir","2026-08-08 05:20:10",448.0,2,fahimmontasir
2311,16624029,"Miguel Angel Rodriguez Fonseca","2026-08-07 03:55:38",446.9,2,miguelangelrodriguez
2312,16665647,hr15de,"2026-08-07 18:50:45",446.9,2,hr15de
2313,16657712,"samuel job Adeola ","2026-08-07 22:14:49",446.8,2,samueljobadeola
2314,16668471,Broomva,"2026-08-05 14:57:35",446.8,1,broomva
2315,16656472,angusdddsa,"2026-08-04 06:04:22",446.5,2,angusdddsa
2316,16657687,"Siddardha Shayini","2026-08-04 14:23:48",446.4,2,siddardhashayini3
2317,16677518,"Khor Yin Loon","2026-08-07 17:32:56",446.4,2,khoryinloon
2318,16663738,"Handre Bezuidenhout","2026-08-04 23:27:08",446.3,2,handrebezuidenhout
2319,16656431,"Venetta Smithen","2026-08-05 12:27:43",446.0,2,venettasmithen
2320,16656135,"JAYASURYA R","2026-08-05 15:43:01",445.2,2,suryar261
2321,16625615,"Mobeen Fatima","2026-08-01 14:20:07",445.2,2,mobeenfatimah
2322,16656732,"Shivam Kashyap","2026-08-04 05:28:03",444.4,1,shiyan0090
2323,16676305,JTHEFROG,"2026-08-08 06:39:26",444.3,2,joshyuasa
2324,16668340,"Sibi Vishnu","2026-08-08 04:27:04",444.1,2,sibivi
2325,16625611,"Karl Smile","2026-07-31 10:23:38",444.0,2,karlsmile
2326,16663576,Yurnero,"2026-08-04 21:24:04",444.0,1,samson8
2327,16624990,"Tanjim Ahmed Kingshu","2026-08-02 07:05:52",442.8,2,tanjimahmedkingshu
2328,16659464,"Héctor Valverde","2026-08-06 15:01:11",442.7,2,hvpareja
2329,16661351,"Adekojo Adeyemi","2026-08-04 15:25:52",441.7,1,adekojoadeyemi
2330,16633737,nrg,"2026-08-04 20:19:50",440.9,1,nargizaskarbekkyzy
2331,16624102,Khadersha.sk,"2026-08-03 02:45:03",440.4,2,khadershask
2332,16673110,"Sri Jayavel K","2026-08-07 15:54:37",439.8,2,srijayavelk
2333,16685625,"silvan ion","2026-08-07 22:00:46",439.2,1,john1one
2334,16665661,Ikhbar,"2026-08-05 09:50:57",438.9,2,ikhbar
2335,16659260,hitesh,"2026-08-05 19:29:28",437.7,2,shahhs
2336,16664002,"Guilherme Zanini de Sá","2026-08-07 21:33:35",437.7,2,guilhermezaninides
2337,16682471,Soumya2003uyvv755,"2026-08-08 07:01:37",436.9,2,soumya2003uyvv755
2338,16634166,Yuki.O,"2026-08-03 10:09:46",436.8,2,yukiohkawa
2339,16655919,"Tạ Minh Lễ","2026-08-04 06:46:45",436.6,2,tminhl
2340,16658450,"Krish Singh","2026-08-05 16:11:00",436.4,2,krishsingh2283
2341,16654196,"Aryaman Chokhani","2026-08-04 09:31:39",436.3,2,aryamanchokhani
2342,16669330,"Panagiotis Charalabopoulos","2026-08-06 06:52:15",435.9,1,panagiotischaral
2343,16668034,ggggalaxy,"2026-08-07 17:46:43",435.8,2,ggggalaxy
2344,16672138,mostafa69ca,"2026-08-06 05:03:43",434.8,1,mostafa69ca
2345,16668159,ABDELGHANY,"2026-08-06 10:39:49",434.5,2,abdelghanyrageh
2346,16665980,cshara,"2026-08-06 08:41:16",434.5,2,cshara
2347,16653153,Gbining,"2026-08-04 16:51:38",434.4,1,gbining
2348,16683178,soulasin,"2026-08-07 14:32:26",434.2,2,soulasin
2349,16655729,"Arnab Mallick","2026-08-04 02:41:48",433.7,2,arnabmallick24
2350,16658684,"Takayuki Michishita","2026-08-06 06:25:20",433.6,2,takayukimichishita
2351,16643193,"Shoroogh Ahmadi","2026-08-06 11:27:24",433.1,2,shorooghahmadi
2352,16639727,"Andres Mohali","2026-08-07 13:11:18",433.0,2,mohax3
2353,16683934,"Teja Madala","2026-08-08 07:05:18",432.7,2,tejamadala
2354,16683087,qiuchenglong,"2026-08-07 09:25:48",432.2,2,qiuchenglong
2355,16624073,Maruichi01,"2026-08-03 15:48:39",432.0,2,"maruichi01,puws06,tatsukisato"
2356,16667766,vasujain7,"2026-08-05 17:44:03",431.8,2,vasujain7
2357,16675048,Wizard_King,"2026-08-06 19:35:41",431.5,2,anshumanrayy
2358,16677592,keniii,"2026-08-08 01:01:48",430.8,2,kartheeswaran28
2359,16622943,"Erwin Huizenga","2026-08-07 09:01:42",430.8,2,erwinh
2360,16665919,"Labmem Tang","2026-08-06 08:43:23",430.7,2,labmemtang
2361,16661639,"Jayanth Kumar D","2026-08-06 13:36:46",430.6,2,jayanthkumard
2362,16653078,pk210495,"2026-08-07 14:34:22",430.5,2,pk210495
2363,16661191,"Yudha Eka Saputra","2026-08-04 19:28:31",429.6,2,yudhaekasaputra
2364,16657056,"Jacob Ross Piedad","2026-08-06 12:15:14",429.0,1,jacobrosspiedad
2365,16677747,"Yuvraj Bhatt","2026-08-08 05:20:06",428.6,2,bhattyuvraj22
2366,16668673,"kyran sinha","2026-08-05 23:08:45",428.4,2,kyransinha
2367,16660471,"Obsessed Beings","2026-08-05 16:46:35",428.0,2,"meur99,muhammedsaeed315,obsessedbeing,studentwork01"
2368,16661633,"Joseph Garcia","2026-08-07 14:20:46",427.7,2,josephpgar
2369,16646644,BeyondBirthday,"2026-08-05 06:08:07",427.7,2,near07
2370,16655811,"Duy Trần","2026-08-04 08:23:27",427.2,1,duyqtrn
2371,16658897,"Teja Pattem","2026-08-07 10:42:44",427.2,2,tejapattem
2372,16664841,vohi01,"2026-08-05 11:22:50",427.2,2,vohi01
2373,16666282,"Bang sion","2026-08-05 11:45:54",426.7,1,bangsioni
2374,16660899,"Clarence Trinidad","2026-08-07 17:53:59",426.6,2,claree007
2375,16681056,"Aryan Jhingan","2026-08-07 04:56:52",426.2,2,aryanjhingan
2376,16667767,t3l3k3n3sis,"2026-08-08 05:15:58",425.8,2,"daffafariq,hashmatzamaryali,malsabbagh05"
2377,16624553,"Abiram Bharathi S.A","2026-08-08 04:20:51",425.3,2,abirambharathisa
2378,16662874,"Dev Shah","2026-08-08 01:52:52",425.2,2,imdevshah11
2379,16660436,turkenm,"2026-08-06 13:03:36",425.1,2,turkenm
2380,16658554,Pai,"2026-08-07 22:06:33",424.4,1,rajathrpai
2381,16672689,"Yusuf Yemez","2026-08-06 06:51:07",423.9,1,yusufyemez
2382,16642139,"Arnav Goel","2026-08-06 13:02:13",422.5,1,arnavgoel17
2383,16662403,"ulaş özen","2026-08-05 19:49:16",421.9,2,ulazen
2384,16661707,"Rudolf HOUNLETE","2026-08-07 00:06:09",421.5,2,queystanle
2385,16686843,"Juraj Zelman","2026-08-07 22:21:35",420.8,2,jurajzelman
2386,16666115,"Iam Intolerable","2026-08-06 07:48:28",420.5,2,iamintolerable
2387,16623730,"Ethan Higgins","2026-07-31 02:25:21",420.4,2,ethanhigginz
2388,16659453,"Ishwar Rathod","2026-08-06 03:29:27",420.2,2,ishwarrathodofficial
2389,16659864,"Twin Titans","2026-08-07 12:22:56",419.6,2,"sivahokage,solaisararaju"
2390,16671666,showtree,"2026-08-07 01:59:30",419.1,1,showtree
2391,16672247,"Movie Watch2022","2026-08-07 17:11:59",418.9,2,moviewatch2022
2392,16649794,"Wanzhu Zhao","2026-08-04 13:04:05",418.9,2,wanzhuzhaora
2393,16652970,"Abhay sarkar","2026-08-05 14:40:05",418.8,1,abhaysarkarai
2394,16659234,"MARY RAISA P","2026-08-07 03:41:01",418.7,2,"harinimala21,maryraisap,saha0102"
2395,16660246,taqnik,"2026-08-08 06:15:22",418.5,1,taqnik
2396,16637342,SupremeWarrior108,"2026-08-04 19:37:15",418.4,2,supremewarrior108
2397,16654348,rkeshwani,"2026-08-07 16:17:49",418.3,2,rkeshwani
2398,16630545,"GAURAV PARKHEDKAR","2026-08-01 07:00:23",418.2,2,gauravparkhedkar
2399,16660144,"Léandre ELISHA","2026-08-06 08:17:23",417.4,2,landreelisha
2400,16656351,"Triet Ho","2026-08-07 07:27:33",416.8,2,trietho247
2401,16666709,JSQL,"2026-08-07 10:25:55",416.3,2,jeffreyschott
2402,16662791,"Shiva Neshan yuva","2026-08-04 19:28:15",415.5,2,shivaneshanyuva
2403,16659410,TTH,"2026-08-07 08:21:16",415.3,2,tthungdz
2404,16670257,RonitKhanna333,"2026-08-06 11:04:27",415.0,1,ronitkhanna333
2405,16654404,"Madhan Sidmal","2026-08-03 21:59:11",414.5,2,madhansidmal
2406,16661460,Lucky,"2026-08-08 02:14:48",414.0,1,tmiya0107
2407,16686700,"Hakkı selim Ak","2026-08-07 17:06:03",413.8,1,hakkselimak
2408,16664218,"Nguyen Vu Tue Khang","2026-08-07 03:13:47",413.7,2,nguyenvutuekhang
2409,16661690,codefusiondu,"2026-08-06 04:53:25",413.7,2,codefusiondu
2410,16673583,"Priyanshu Jha","2026-08-06 12:58:03",413.5,2,codewithjha
2411,16660992,"Vishnu Vardhan Dumpala","2026-08-05 18:17:30",412.7,1,vishnuvardhandumpala
2412,16643821,"arnav chaturvedi123","2026-08-02 22:16:08",412.3,2,arnavchaturvedi123
2413,16673372,"Hadyan Adira","2026-08-06 08:49:25",412.0,1,hadyanadira
2414,16661393,"razab Bawa","2026-08-07 08:17:17",411.7,2,razabbawa
2415,16668166,Pikachu,"2026-08-05 14:52:15",411.5,2,"arpankumarsinha,phantomboy69,subhojitpaul2006"
2416,16658227,Gugu888,"2026-08-07 07:58:49",410.3,2,gugu888
2417,16664147,JordanM10,"2026-08-05 19:54:08",409.9,1,jordanm10
2418,16682667,"zeel vavliya","2026-08-07 07:02:55",409.9,1,zeelvavliya
2419,16683309,"Zealous Sebastian","2026-08-07 10:05:10",409.6,2,zealoussebastian
2420,16670527,"Balram Gupta","2026-08-08 06:59:51",409.3,2,bg28898
2421,16663351,MiguelS,"2026-08-07 15:25:29",409.0,2,lordm758
2422,16683284,"Haha Farming","2026-08-07 14:38:04",408.8,1,"akshitharamesh,harinir1423"
2423,16668331,"Maitreya Mohapatra","2026-08-06 10:09:17",407.0,2,maitreyamohapatra
2424,16661711,"Wild Star217","2026-08-05 04:56:02",406.9,2,wildstar217
2425,16656181,Vishwa,"2026-08-05 15:57:30",406.7,2,rv1922
2426,16664219,JosephGuhlin,"2026-08-05 06:21:32",406.7,1,jguhlin
2427,16678250,"RMS Danaraj","2026-08-07 21:31:46",406.2,2,salorajan
2428,16646076,"Ajeet Krishnasamy","2026-08-04 19:52:27",406.2,2,ajeetkrish
2429,16631989,"VIDIT SHRIMALI","2026-07-31 17:13:46",406.1,1,viditshrimali
2430,16657729,"Kandregula V S S V P Krishna Murthy","2026-08-06 13:56:02",406.0,2,kkandregula
2431,16666716,"Fanis Alexakis","2026-08-06 11:08:25",405.2,1,fanisalexakis
2432,16668095,Menna_Allah_Samy12,"2026-08-07 14:19:04",405.2,1,mennaallahsamy12
2433,16662577,"Shreyash Suryawanshi","2026-08-05 07:34:10",404.4,2,shreyashsuryawanshi
2434,16632319,Valentin,"2026-07-31 21:14:24",403.9,1,vaha94
2435,16666884,"Antonio Stanciu","2026-08-05 13:33:24",403.6,1,stanciuantonio
2436,16669176,"Karakam Sridevi","2026-08-05 18:38:13",403.5,1,karakamsridevi
2437,16669411,"Atta Ullah","2026-08-06 07:45:16",402.7,1,attaullahqau
2438,16661955,Bingos,"2026-08-05 11:43:07",402.6,2,bingos
2439,16656627,"Soykot Podder","2026-08-04 12:50:42",402.3,2,diptopodder
2440,16663253,"Albert Benjamin Asare","2026-08-06 19:29:05",401.4,2,albertbenjaminasare
2441,16674714,"Kaaleedass Manoharan","2026-08-07 17:24:14",401.1,1,kaaleedassmanoharan
2442,16650070,"jakub slavíček","2026-08-04 12:58:40",401.1,2,jakubslavicek
2443,16679392,Dickie,"2026-08-06 22:02:36",400.9,1,dickieho
2444,16640394,"MOHAMMADJAFAR ZAMANI","2026-08-06 19:51:04",400.8,2,mohammadjafarzamani
2445,16641288,nakagawaren0805,"2026-08-03 12:40:59",400.5,2,nakagawaren0805
2446,16667998,Speril,"2026-08-08 05:32:55",400.4,2,speril
2447,16658577,farmercode261,"2026-08-08 06:43:26",399.7,2,hifnikhakim
2448,16656506,"Piyush Harde","2026-08-04 12:54:26",399.6,2,piyushharde
2449,16665746,"ABHIRAJ HIWALE","2026-08-08 04:48:31",399.5,2,"abhirajhiwale,amitambhore27"
2450,16653054,Khongor2424,"2026-08-03 15:32:17",399.2,2,khongorkikaik21
2451,16676302,Arnav,"2026-08-08 06:10:01",399.0,2,arnav03101
2452,16679887,ScriptRed,"2026-08-08 00:13:46",399.0,2,scriptred
2453,16667700,"Omar Mohammad","2026-08-05 15:52:54",396.8,2,omarmohammadw
2454,16656198,N9uy3nPham,"2026-08-06 10:56:04",396.6,2,n9uy3npham
2455,16684748,dejavucry,"2026-08-07 19:06:42",395.9,2,dejavucry
2456,16662964,"Tim Ogilvie","2026-08-07 13:29:33",395.4,2,timogilvie
2457,16661213,"Daniel Siersleben","2026-08-05 12:53:41",394.8,1,danielsiersleben
2458,16668333,VishalVivek,"2026-08-07 09:46:17",394.5,1,vishal14332
2459,16660735,"Bassel Elbahnasy","2026-08-05 20:31:32",394.2,2,basselashraf
2460,16658290,rrishavrraj,"2026-08-04 21:27:07",394.0,1,"rrishavrraj,shubhamkumar9812"
2461,16686918,JustinLee,"2026-08-07 18:06:50",394.0,1,justin2061
2462,16629403,Galza98,"2026-07-31 10:09:02",393.7,1,galza98
2463,16675777,"Munshi Sahil Ahmed","2026-08-07 13:40:59",393.1,2,mlboy1
2464,16660270,Ziel_Lux,"2026-08-07 12:05:45",392.6,2,nahbilafaith
2465,16659203,"Praful Nayak","2026-08-05 08:17:06",392.6,2,prafulnayak2003
2466,16621219,"Inna Campo","2026-08-04 01:46:35",391.9,2,innacampo
2467,16668091,Solidscripts.io,"2026-08-06 12:26:11",391.7,2,juancamera1
2468,16669028,"Atishay Kasliwal","2026-08-07 16:34:11",391.0,2,atishaykasliwal
2469,16661587,"Debashis Mohapatra","2026-08-05 09:05:50",390.4,2,debashismohapatra
2470,16658519,"David kinyanjui","2026-08-06 09:28:01",390.3,2,davidkinyanjui
2471,16667615,"Zayd Mulani","2026-08-08 04:04:20",390.3,2,zaydmulani
2472,16623161,"Charles Kalaba","2026-08-04 19:47:47",390.2,2,charleskalaba
2473,16659550,"Sai Syam","2026-08-07 13:31:58",389.3,2,saisyam
2474,16633982,Nikunj1375,"2026-08-07 08:40:29",388.9,2,nikunj1375
2475,16687151,harshi101,"2026-08-08 06:32:37",388.5,2,harshi101
2476,16654947,"Ömer Hüseynov","2026-08-06 17:20:03",388.0,2,omarhuseynov
2477,16663600,"Adrián Flores","2026-08-05 00:38:36",387.8,2,foward2892
2478,16662162,"THE predict","2026-08-07 04:55:34",387.6,2,vikaspal505
2479,16634769,Fivingone,"2026-08-03 03:47:43",387.3,2,fivingone
2480,16670090,"Gianpaolo Nettis","2026-08-07 06:44:49",386.1,2,rakes7
2481,16663445,"ali dzaki","2026-08-07 12:34:02",386.1,2,alidzaki
2482,16669535,sakshitantak,"2026-08-08 05:16:32",386.0,2,sakshitantak
2483,16670881,"Amir Y. Sajjadi","2026-08-05 23:56:26",385.4,1,amirysajjadi
2484,16660996,"Thịnh Nguyễn Chí Tiến","2026-08-08 01:49:40",385.2,2,thnhnguynchtin
2485,16672199,Vachan,"2026-08-06 16:14:41",384.8,1,vachanpadival
2486,16654253,"Gaius K Biju","2026-08-03 18:51:18",384.1,2,gaiuskbiju
2487,16641866,"Prem Gandhi","2026-08-06 19:48:18",384.0,2,gprem352
2488,16628190,Horizonx30,"2026-08-08 05:24:10",383.1,2,horizonx30
2489,16659581,"isah ridwan","2026-08-07 09:02:00",383.1,2,isahridwan
2490,16654430,"Rishoban Y","2026-08-07 13:46:37",383.0,1,rishoban
2491,16637845,"Hadjmohamd Seif","2026-08-06 16:06:46",382.5,2,hadjmohamdseif
2492,16666316,adityakr1001,"2026-08-05 09:33:41",382.3,1,adityakr1001
2493,16670464,halfpintcider,"2026-08-07 15:55:39",382.1,2,visspric7
2494,16658676,"Abdul Roheem Abdul Warith","2026-08-04 18:59:04",381.5,1,albasoliyy
2495,16623823,"Julieta Rubis","2026-07-31 04:45:53",380.9,2,julietarubis
2496,16658620,"Dina Chettouh","2026-08-04 09:13:27",380.6,2,dinachettouh
2497,16663327,Gnr8tr,"2026-08-06 04:59:53",380.6,2,wilburjpereira
2498,16661142,"Phú Nhân Nguyễn","2026-08-07 16:37:05",380.3,2,phnhnnguyn
2499,16684024,"Work From Home 3.0","2026-08-08 01:27:44",380.2,1,"maxtankialok,n00bcak"
2500,16666056,"sarthak gupta1303","2026-08-05 11:01:04",380.1,2,"sarthakgupta1303,sathviktummalapenta"
2501,16653903,Manav2805,"2026-08-04 09:25:08",380.0,2,manav2805
2502,16682906,Masiki,"2026-08-08 06:36:33",379.4,2,blackseed
2503,16666018,"H vv sathwik","2026-08-05 21:28:01",379.4,2,hvvsathwik
2504,16651668,Haiku,"2026-08-05 06:28:54",378.7,2,yangjiefu
2505,16659387,dharssshiniii,"2026-08-04 09:48:15",378.2,1,dharssshiniii
2506,16667839,Viet-Tien,"2026-08-05 14:59:59",377.9,1,tiena2cva
2507,16685996,"Universal Entropy","2026-08-07 16:22:28",377.6,1,fennerjw
2508,16679958,Bum_Fy_Mz,"2026-08-07 19:28:08",377.0,2,bumfymz
2509,16684308,Itsside_jay,"2026-08-07 11:46:48",375.8,1,itssidejay
2510,16678298,"RITIK CHAUDHRY","2026-08-06 20:18:58",375.8,1,ritikchaudhry13
2511,16667042,"Adarsh Mukundan","2026-08-07 17:12:28",375.7,1,aadarshmukundan
2512,16654258,"Ashray Bagde","2026-08-08 07:04:13",375.6,2,ashrayaaaaa
2513,16659720,Project_Kurukshetra,"2026-08-07 17:08:33",375.1,2,"chaitanyaterli05,lavanyayandapalli"
2514,16634720,Thiyo,"2026-08-07 03:34:07",374.4,1,thimirajayasekara
2515,16658990,"Muhammad Burhan SE-45-02","2026-08-07 04:26:18",373.8,2,muhammadburhanse4502
2516,16658065,"Parul Mittal","2026-08-06 13:55:51",373.5,1,pisces83
2517,16681848,Haraguchi-T,"2026-08-07 14:49:24",372.7,2,haraguchit
2518,16654067,DataForge,"2026-08-05 10:19:25",372.5,2,"chanduchandini,goriparthiramatulasi,srilakshmipanitini,suryachakradhar"
2519,16652397,"Aniket Kumar","2026-08-06 13:29:50",371.7,2,kalkiavatar3
2520,16671827,"Shourya Gupta","2026-08-08 07:02:14",371.4,2,siriuspotter
2521,16642994,"Danila Galkin","2026-08-07 11:30:04",371.3,1,danilagalkin
2522,16651939,"Yogesh Jadhav","2026-08-07 06:06:17",370.8,2,dynamo14324
2523,16651623,"Sarvesh Talele","2026-08-07 12:51:09",370.3,2,sarveshtalele
2524,16684954,"Suneeth reddy","2026-08-07 12:51:08",369.9,2,suneethreddy
2525,16627717,da_pond,"2026-07-31 08:33:57",369.6,1,dapond
2526,16622898,"sbol ball","2026-08-07 22:11:22",369.4,1,"linearbasis,maksimkostritsya"
2527,16677517,justnyoike,"2026-08-07 21:35:46",369.3,1,justnyoike
2528,16676003,franck,"2026-08-06 14:59:55",368.8,2,bakura
2529,16659060,Pratham3gewg,"2026-08-06 18:26:51",368.8,2,pratham3gewg
2530,16678521,"Arina Nevolina","2026-08-06 20:31:22",368.3,1,nevolinaa
2531,16678355,"Tanuj Saxena","2026-08-07 10:10:24",368.2,2,tanujsaxena
2532,16660579,mayank,"2026-08-06 14:41:12",368.2,2,mayank921
2533,16673369,Frame,"2026-08-06 07:59:47",367.9,1,rainorwang
2534,16668506,"Louie Tang","2026-08-08 06:56:52",367.8,2,louietang
2535,16667406,"Abdulrahman AlAsali","2026-08-05 13:20:41",367.8,1,abdulrahmanalasali
2536,16658357,heetmehta18,"2026-08-07 13:30:40",367.7,2,heetmehta0000
2537,16652276,Phare111,"2026-08-04 15:09:55",367.7,1,phare111
2538,16662861,"Chirag Tutlani","2026-08-04 19:13:05",367.2,1,chiragtutlani
2539,16655734,dworld,"2026-08-05 04:13:18",366.8,2,jagdishhalde
2540,16686316,"Ali mohon","2026-08-07 16:16:43",366.6,2,alimohon
2541,16688281,"Luke Stafford","2026-08-08 02:06:05",366.0,2,luketstafford
2542,16632145,kazuki_kazukazu,"2026-07-31 14:53:13",365.3,1,kazukikazukazu
2543,16673310,dffzno1,"2026-08-07 07:41:54",365.2,2,joyzip
2544,16668464,Mauro,"2026-08-05 15:57:27",365.1,2,ilmaurino
2545,16665114,"Francesco Benincasa","2026-08-05 09:56:52",365.0,2,francescobenincasa
2546,16635681,"Shubham Phapale","2026-08-06 15:44:16",363.3,2,shubhamphapale
2547,16660543,"BUTUH DUIT","2026-08-06 07:39:16",363.3,2,abulkahfi
2548,16668379,dccgps,"2026-08-08 05:44:36",363.1,1,dccgps
2549,16667238,"Srija ganguluri","2026-08-07 10:14:48",363.1,1,srijaganguluri
2550,16668559,Goups,"2026-08-08 03:51:26",362.0,2,hervrenard
2551,16622567,"Georgy Mamarin","2026-07-31 06:11:31",361.7,1,georgymamarin
2552,16655003,"Paramjeet Kaur","2026-08-04 21:09:02",360.7,1,kauxp26
2553,16624235,appu2431,"2026-08-04 13:53:30",360.5,2,appu2431
2554,16673097,"Sonu Kushwaha","2026-08-08 07:04:28",360.1,2,sonukushwaha124
2555,16623099,"Bovard Doerschuk-Tiberi","2026-07-30 21:04:23",359.5,1,bovard
2556,16658567,"Sharif Mohamed (1)","2026-08-04 13:16:47",359.1,1,sharifmohamed1
2557,16665704,"Sreesanth M S","2026-08-05 07:12:05",359.1,1,sreesanthms
2558,16655813,minerppdy,"2026-08-04 06:06:58",357.1,1,minerppdy
2559,16661290,"Kelian Esteve","2026-08-04 14:33:13",356.1,1,kelianesteve
2560,16661093,"INDRAJIT SWAIN","2026-08-08 06:42:32",355.8,2,indrajitswain
2561,16668479,"Muneera Mahjabeen","2026-08-06 21:10:55",355.7,2,muneeramahjabeen
2562,16662039,"Ajat Rosadi","2026-08-04 16:58:10",355.5,2,ajatrosadi
2563,16663387,Ju,"2026-08-05 23:29:38",355.4,2,juziddd
2564,16685904,KavYaHD,"2026-08-07 16:39:49",355.4,2,kavyahd
2565,16663869,CYBER_TECH99,"2026-08-05 01:40:15",355.4,2,cybertech99
2566,16663191,"Arnav Anand","2026-08-04 19:53:08",354.8,1,arnavair27
2567,16682559,"Punit Pritam Mohanty","2026-08-08 03:28:41",354.8,1,punitpritammohanty
2568,16659804,"Gashahun Demise","2026-08-04 13:23:20",354.8,2,gashahundemiset
2569,16669523,Jackson55171,"2026-08-05 18:21:00",354.7,2,jackson55171
2570,16623806,黒田彩人,"2026-07-31 03:52:53",353.0,1,ayato0705
2571,16667033,"Geethika Sandireddy","2026-08-07 12:51:08",351.3,2,geethikasandireddy
2572,16657159,"Amey Malpurkar","2026-08-04 15:43:33",351.2,1,ameymalpurkar
2573,16666574,"hrishit prakash","2026-08-05 13:26:37",350.7,2,hrishitprakash
2574,16659900,"Abu Bakr","2026-08-04 18:30:29",350.4,2,mohamed32010
2575,16632881,"Brisa Marina","2026-08-07 16:13:15",350.1,1,brisamarina
2576,16656595,"Sithija Amarathunga","2026-08-04 10:09:50",349.9,2,sithijaamarathunga
2577,16667601,"Audrius Molis","2026-08-05 12:27:17",349.7,2,vienas
2578,16659374,"[Deleted] 8f7327b9-2576-439b-bd6e-3f5fde366ebe","2026-08-04 10:12:44",349.3,1,del=8b215115eb53cbc1
2579,16654853,"Saketh Rao","2026-08-03 21:43:14",349.1,1,sakethrao
2580,16657891,"Joshua Kinnah","2026-08-07 23:00:45",348.9,2,joshuakinnah
2581,16661249,Yaohui,"2026-08-06 01:23:22",347.7,1,yaohui85
2582,16682345,Gordy,"2026-08-07 09:43:58",347.7,1,gordyii
2583,16639684,Rubel,"2026-08-05 18:49:11",347.4,2,rubel01
2584,16671959,"Sintu Verma","2026-08-08 06:15:42",347.1,2,sintuverma
2585,16654306,Shubham,"2026-08-03 19:09:40",347.0,2,sanjayshubham24
2586,16656919,Sumaiya,"2026-08-04 15:43:37",346.8,2,ayeshasummaiyya
2587,16666512,RexHuang936,"2026-08-07 08:51:41",346.5,2,rexhuang936
2588,16673712,"Alejandro Betato","2026-08-07 23:43:57",346.4,2,alejandrobetato
2589,16659280,"yahaya zayyan","2026-08-04 10:51:16",345.6,1,yahayazayyan
2590,16662066,"Yug Savalia","2026-08-06 19:06:26",345.5,1,"priyankagarg19,yugsavalia"
2591,16659533,"Pavan Desai","2026-08-08 05:29:27",345.2,2,pavancdesai
2592,16665152,"Ahmed Karim","2026-08-05 10:14:29",345.1,1,versusic
2593,16661810,AGNES33,"2026-08-04 18:44:16",344.8,2,agnes33
2594,16658783,"Devesh Choudhury","2026-08-07 17:08:33",344.7,2,deveshchoudhury
2595,16666553,DevChheda26,"2026-08-05 09:53:22",344.5,1,devchheda26
2596,16621290,"Muhammad Ahsan","2026-07-30 17:35:00",344.3,2,ahsanneural
2597,16668032,pat999,"2026-08-05 14:07:34",344.2,2,pat999
2598,16667365,"leul dereje","2026-08-08 06:54:54",344.1,2,leuldereje
2599,16655508,bigsea,"2026-08-04 01:31:58",344.0,2,sakamakihiromi
2600,16621243,"Jesse Bullard","2026-07-31 21:20:21",344.0,1,jessebullard
2601,16661231,"R Ajay Kumar12","2026-08-04 14:12:11",343.9,1,rajaykumar12
2602,16658718,"Duong Bao Duy","2026-08-08 03:58:55",343.4,1,duongbaoduy
2603,16678362,"Mitiku Yohannes","2026-08-07 00:00:37",343.3,2,mitiku
2604,16686513,Vipul_Kumar75476,"2026-08-07 17:36:00",343.1,1,vipulkumar75476
2605,16667684,"Tim Neale","2026-08-06 13:01:12",342.7,1,timothyjneale
2606,16656287,sandip_shaw123,"2026-08-05 10:02:07",342.7,1,sandipshaw123
2607,16658888,NovaBytes,"2026-08-06 07:06:34",341.7,2,"drashtisingh14,kjjkjjk3107"
2608,16688165,"David @ Koantek","2026-08-08 05:42:19",341.4,2,artificialbrilliance
2609,16654407,"Serendeep Rudraraju","2026-08-06 14:31:45",341.3,2,serendeeprudraraju
2610,16655997,tanatet8,"2026-08-04 04:51:09",340.9,1,tanatet8
2611,16655786,leavts,"2026-08-04 02:35:50",340.5,1,leavts
2612,16639814,"Nikhil Krishna A","2026-08-08 05:36:48",340.2,2,techmasternikhil
2613,16661879,"Pham Truc","2026-08-07 07:21:46",340.0,1,genti1206
2614,16675104,"khwaja Moula'Ali","2026-08-06 11:30:49",339.7,1,khwajamoulaali
2615,16683970,"Zakhar Homyakov","2026-08-07 11:14:41",339.7,2,zakharhomyakov
2616,16661154,"gronky goobers","2026-08-04 15:22:13",339.6,2,"viktoriusontop,yoshisurjuise"
2617,16687574,"Yash Raghuvanshi","2026-08-07 22:09:38",338.7,2,yashraghuvanshi25
2618,16657777,"sandeep kumar","2026-08-04 11:41:21",338.6,2,sandeep088
2619,16656692,"kinza aftab 714","2026-08-04 05:43:51",338.4,2,kinzaaftab714
2620,16663161,"Pial Mahmud","2026-08-08 03:59:06",337.9,2,pialgroup
2621,16635610,JeffFosterUK,"2026-08-01 17:16:52",337.4,2,jefffosteruk
2622,16665243,"Harshit Jha","2026-08-05 13:40:16",337.4,2,harshitjha28
2623,16663459,"Cristian Yeanpaul Palomino Calderon","2026-08-06 04:14:17",337.1,2,dawo0t
2624,16653319,"Md. Rasel Meya","2026-08-06 14:42:18",336.4,2,raselmeya
2625,16656485,stunningvn,"2026-08-05 04:47:11",336.0,2,dedquoc
2626,16661382,CBenaventte,"2026-08-06 13:28:46",335.6,2,cbenaventte
2627,16674093,"Hoàng Trần Đặng Minh","2026-08-06 08:54:38",335.2,1,hongtrnngminh
2628,16662913,"IYAMPAYE ribert","2026-08-04 19:01:38",334.9,1,iyampayeribert
2629,16637894,"Leonardo Domingues","2026-08-05 23:33:51",334.4,2,leonardodomingues
2630,16645300,szyulian,"2026-08-04 04:42:36",334.3,1,szyulian
2631,16675043,malibu_orange,"2026-08-06 11:39:50",333.7,1,malibuorange
2632,16658761,!Aman212,"2026-08-04 12:10:28",333.7,2,aman9142424
2633,16687337,"sravani kamjula","2026-08-07 19:38:39",333.0,2,sravanikamjula
2634,16657032,"Ayaan Ghosh","2026-08-07 05:43:03",333.0,2,ayan9001
2635,16644519,"Shambhu Shekhar Sinha","2026-08-04 18:45:24",332.4,2,shambhushekharsinha
2636,16661469,"Qiqi Xie","2026-08-06 20:53:32",332.4,2,qiqixie123
2637,16669314,"Editor Jugnu AI","2026-08-07 05:45:44",331.9,2,editorjugnuai
2638,16654314,Mahamudul_Hassan_8012,"2026-08-03 18:33:07",331.4,2,mahamudulhassan8012
2639,16656633,N25H03A1028,"2026-08-05 05:18:45",330.1,1,pardhusadhu
2640,16674725,"rajan jha","2026-08-07 16:59:55",330.1,1,rajan1673
2641,16665463,Seendon,"2026-08-06 19:19:25",329.8,2,informationminer
2642,16658152,MingSUN007,"2026-08-04 13:46:29",328.1,2,mingsun007
2643,16683400,"wo zhe yi sheng ru lu bo bing","2026-08-08 03:56:32",327.6,2,"ivanlo103,panckck"
2644,16653997,"Alekya Valapushetty","2026-08-05 13:52:08",327.5,2,alekyavalapushetty
2645,16638938,Light&Thunder,"2026-08-07 08:17:41",327.4,2,yerne39
2646,16641331,ushi,"2026-08-05 13:33:18",326.7,1,yuki508
2647,16660321,syafanidwina,"2026-08-05 00:41:33",326.5,1,syafanidwina
2648,16658700,"szlachetny snieg","2026-08-04 08:48:47",326.4,1,takayukiimoto
2649,16660930,"Chung Ching Yeh","2026-08-04 14:44:34",326.2,2,chungchingyeh
2650,16683998,"Mahoraga save me","2026-08-07 22:09:22",326.1,2,yqngyv
2651,16678647,"Zorawar Singh","2026-08-06 19:55:53",325.6,2,zorawarsingh677
2652,16658383,"SIVA S","2026-08-08 05:14:43",324.9,2,codingmaster24
2653,16663210,"Marco Nasuelli","2026-08-04 19:38:59",324.9,1,marconasuelli
2654,16663352,"Avnish Sharma","2026-08-06 18:14:59",324.5,2,kewlaz
2655,16659283,"DILEEP POTHULA","2026-08-08 06:43:15",323.7,2,dileeppothula
2656,16678283,"Ajinkya Digurkar","2026-08-07 15:35:46",322.9,2,"ajinkyadigurkar,sakshiagrawal8818"
2657,16672325,Ispagiytiy,"2026-08-06 08:58:30",321.5,2,ispagiytiy
2658,16683075,"Manuel lasarte León","2026-08-07 09:41:15",321.4,2,manuellasarte
2659,16644210,"حسنين ساجد","2026-08-07 22:08:44",321.3,2,kutghngf98687er
2660,16686715,"Adrien Secondaire","2026-08-07 17:58:03",321.2,2,adriensecondaire
2661,16671911,"Dwi Eflatino","2026-08-08 04:38:56",320.6,2,eflatino
2662,16661689,"David Rao","2026-08-04 18:27:01",320.1,1,davidrao63
2663,16681959,"shun takinami","2026-08-07 05:43:47",319.2,1,shuntakinami
2664,16659001,"Tim Wanjohi","2026-08-04 09:33:42",318.7,1,timwanjohi
2665,16661966,Rocket,"2026-08-07 14:45:54",318.5,2,"aarchie4,nick16541,siddharthdongardive"
2666,16672687,Liz,"2026-08-07 14:52:18",318.4,2,lizgarcia3
2667,16679671,Ash0666,"2026-08-07 23:59:20",318.3,2,ash0666
2668,16623846,"masatoshi hiraki","2026-07-31 07:52:39",317.6,2,masatoshihiraki
2669,16662048,"Deekshitha Prabhakar","2026-08-06 18:15:45",317.5,2,deekshithaprabhakar
2670,16654244,"Saad Nanawala","2026-08-03 18:17:33",317.4,1,saadnanawala
2671,16663448,"Adel I.","2026-08-07 12:55:44",317.2,2,adelid
2672,16659572,"ABHILASH PRAHARAJ","2026-08-04 11:24:21",317.0,1,abhilashpraharaj
2673,16662105,PunnatatJAY,"2026-08-04 16:22:50",316.6,1,punnatatjay
2674,16637025,kodalien,"2026-08-03 03:36:34",316.5,2,kodalien
2675,16657525,"Alae Lakhdar","2026-08-05 08:10:49",316.4,1,alaelakhdar
2676,16630380,JM,"2026-08-07 22:20:40",316.4,2,julianmukaj
2677,16638781,itsuki-data,"2026-08-01 22:10:49",316.0,1,itsuki89
2678,16662749,Jordan,"2026-08-08 03:53:36",316.0,2,extergeist
2679,16663003,devzohaib,"2026-08-04 21:27:30",314.7,1,devzohaib
2680,16676501,"[Deleted] cf820879-5b51-45ff-9f0a-1d88833299b5","2026-08-07 16:13:39",314.1,1,kamraanmulani
2681,16684237,Zen_0910,"2026-08-07 17:07:02",314.0,1,zendeptrai
2682,16659698,"Duy Anh Nguyễn","2026-08-07 10:23:27",313.6,1,duyanhnguyn
2683,16677788,DorianCo,"2026-08-06 18:10:06",313.5,2,dorianco
2684,16658299,"Kingki19 / Muhammad Rizqi","2026-08-05 17:14:24",312.8,1,kingki19
2685,16677629,"XIE Jintao","2026-08-06 18:47:28",312.3,2,xiejintao
2686,16669229,"Kayvan Sinha","2026-08-06 15:06:59",312.1,1,kayvansinha
2687,16686950,"Kittikhun Pachana","2026-08-08 00:16:11",312.0,2,kittikhunpachana
2688,16665719,"[Armenia] Narek Petrosyan1","2026-08-05 07:49:34",311.5,1,narekpetrosyan1
2689,16659703,"Ananya #2","2026-08-04 12:00:26",310.9,1,ananyax8
2690,16660309,"Hazem Mahmoud Elsayd","2026-08-04 16:34:31",310.6,2,hazemmahmoudelsaid
2691,16665701,ManuelWick-Eckl,"2026-08-06 22:01:44",310.2,2,manuelw
2692,16675037,"Stanislav Pashkov","2026-08-06 20:51:51",309.9,1,stanislavpashkov
2693,16655482,Apoorv007,"2026-08-04 01:55:41",309.6,1,apoorv007
2694,16653941,"Sachin Kumar Kushwaha","2026-08-03 18:17:35",308.9,2,sachinkumarkushwaha
2695,16658219,"Deepesh Pankaj","2026-08-08 04:37:53",308.7,2,deepeshpankaj
2696,16687330,"Mehmet Ensar Çetin","2026-08-08 06:41:47",308.7,2,mehmetensaretin
2697,16678613,iBooNDK,"2026-08-07 17:20:13",308.5,2,iboondk
2698,16660990,"Bunny Tang","2026-08-04 13:52:24",308.1,2,tanghung64
2699,16686150,"Aek KunKub","2026-08-08 04:46:46",307.5,1,aekkunkub
2700,16670506,"Juan Andres Bravo Mejia","2026-08-05 21:40:17",307.1,1,juanandresbravomejia
2701,16657201,ShayML,"2026-08-08 06:53:32",306.8,2,shayml
2702,16630903,"Hrushikesh Pawar","2026-07-31 15:07:55",306.6,1,hrushikeshpawar
2703,16682689,HenryRichardson1,"2026-08-07 10:00:12",306.4,1,henryrichardson1
2704,16633483,"benkerrouche abdelbasset","2026-08-07 16:11:50",305.8,1,bassetkerouche
2705,16663913,"Aanaa Kaliil","2026-08-05 15:15:31",305.2,2,aanaakaliil
2706,16671985,"vishal waghchaure","2026-08-07 09:25:36",304.4,2,vishalwaghchaure
2707,16653906,swaroop41,"2026-08-04 05:53:29",304.3,2,swaroop41
2708,16639692,"Nirmal Patel","2026-08-06 03:05:27",304.1,2,nirmalpatel02
2709,16662603,"Shem Gikunda","2026-08-06 17:24:48",303.2,1,shemgikunda
2710,16684875,"Amitrakshar Mukherjee","2026-08-07 13:21:32",302.8,2,amitraksharmukherjee
2711,16632795,"vishwottam kudekar","2026-08-05 18:19:02",302.6,1,vishwottamkudekar
2712,16677328,"Eng. Husnain","2026-08-07 18:55:39",300.9,2,enghusnain
2713,16639465,"Gabriel Aguiar Leao","2026-08-02 00:23:49",300.8,1,"gabrielaguiarleao,marcositta"
2714,16632566,maco-macoo,"2026-07-31 18:04:20",299.6,1,macomacoo
2715,16644360,Mathous,"2026-08-02 20:28:00",298.8,1,mathisdac
2716,16660250,Moshel,"2026-08-04 12:57:20",298.6,1,moshel
2717,16666037,"Matheus Marques","2026-08-06 06:03:28",298.5,2,mathmarquesbr
2718,16664913,"ABHISHEK KUMAR","2026-08-08 06:39:04",296.2,2,abhishek6545
2719,16623480,xmaster6y,"2026-07-31 06:11:13",296.0,1,xmaster6y
2720,16659910,"Shraddha Kumbhar","2026-08-07 09:55:58",295.8,2,raj113
2721,16668024,"Igor Burkov","2026-08-07 04:35:37",295.6,2,igorburkov
2722,16655292,"Ingrid Fellah","2026-08-04 06:31:35",295.4,2,ingvor
2723,16687514,Dark_1926,"2026-08-07 20:30:33",295.2,1,dark1926
2724,16636540,"Burkova Nastia","2026-08-01 13:34:02",295.0,2,"burkovanastia,ellvalerie"
2725,16658311,zkskhurram,"2026-08-05 07:59:40",294.4,2,zkskhurram
2726,16668048,"Gazi Sayem Uddin Samir","2026-08-05 14:29:51",293.9,2,gazisayemuddinsamir
2727,16676977,"Akash Babu","2026-08-06 18:20:17",293.6,2,akashbabu17
2728,16669604,"Abhijit Pise","2026-08-06 07:06:12",292.2,1,abhijitpise
2729,16652159,Boson328,"2026-08-04 10:06:13",291.6,1,boson328
2730,16675819,RohitS001,"2026-08-06 14:52:43",291.4,2,rohits001
2731,16669756,AlgSaid,"2026-08-05 18:54:07",291.4,1,imabdallah
2732,16688231,"Antoine Matemane Mahirwe","2026-08-08 03:29:28",291.1,2,antoinemah
2733,16660073,"Mahad Kakooza","2026-08-07 18:42:52",290.9,2,mahadkakooza
2734,16656278,"Bhuvaneshwari Rebba","2026-08-04 09:20:36",290.8,1,bhuvaneshwarirebba
2735,16669441,"Chirag Desai","2026-08-05 18:23:02",290.7,2,cid007
2736,16623131,"Liam Carrig Newsam","2026-08-04 00:00:03",290.7,1,liamcarrignewsam
2737,16661576,"Yash Jumde","2026-08-06 12:52:50",290.4,2,yashjumde
2738,16660291,"Abhijit Rajkumar","2026-08-04 13:27:44",290.2,2,abhijitrajkumar
2739,16623274,Mhmda81,"2026-08-03 00:10:04",289.9,2,mhmda81
2740,16623528,"Faijur Rahaman","2026-07-31 03:43:56",289.9,2,faijurrahaman
2741,16632841,AGG,"2026-08-06 18:33:28",289.6,2,aleixgim
2742,16632418,"Bretokce 3amich","2026-08-07 12:18:26",289.2,2,bretokce3amich
2743,16659961,"Shivam saini","2026-08-08 07:00:28",288.4,1,shivam98saini
2744,16667691,alexanderctrl,"2026-08-06 09:34:19",288.0,1,alexanderctrl
2745,16675873,"Zhu Liang","2026-08-07 18:29:56",287.1,1,paradite
2746,16672284,"Dhruv | AI/ML Engineer in Progress","2026-08-07 06:55:13",286.6,1,dhruvdipakchudasama
2747,16681397,"Vishal Dubey","2026-08-07 04:37:06",286.5,1,visha1dubey
2748,16675461,mins0_0,"2026-08-06 17:02:31",285.9,2,mins00
2749,16644765,MoeCode,"2026-08-08 02:07:24",285.8,2,syrianeagle
2750,16658702,sherlockwatson007,"2026-08-07 10:27:38",285.8,2,sherlockwatson007
2751,16662108,nhkien,"2026-08-05 06:52:18",285.7,2,nhkien
2752,16663333,"Iago Moura e Moreira","2026-08-04 20:05:06",285.4,1,iagomouraemoreira
2753,16663910,"Shivram Nekkanti","2026-08-07 14:38:04",285.0,1,shivramnekkanti
2754,16668018,"DAVID CHEW HL","2026-08-06 06:36:34",284.9,2,davidchewhl
2755,16666719,helenkwok,"2026-08-06 14:55:20",284.9,1,helenkwok
2756,16660749,"PavanK Saketh","2026-08-04 13:38:48",282.5,2,pavanksaketh
2757,16655682,"Azamat Sadikov","2026-08-04 03:25:41",282.3,1,azamatsadikov
2758,16688190,"Win M","2026-08-08 00:28:18",282.1,1,winmet
2759,16657578,raushancoursework,"2026-08-05 06:54:51",282.0,1,raushancoursework
2760,16657440,Lz7_129,"2026-08-04 15:26:01",281.3,1,lz7129
2761,16661252,"Andrzej Walczak","2026-08-05 09:46:19",280.1,2,andrzej1983
2762,16668368,"Waleed Hasan","2026-08-05 21:10:49",278.9,1,whasan
2763,16651507,jappanini,"2026-08-03 09:14:04",276.5,1,jappanini
2764,16662099,"The Algorithmist","2026-08-04 23:41:59",275.7,2,riyagheewala
2765,16672322,"khalil ur Rehman","2026-08-07 14:16:11",275.0,2,khalilurehman
2766,16663945,anyasri,"2026-08-06 07:19:08",274.5,2,anyasri
2767,16658401,"Aryan Lonare","2026-08-04 09:55:47",274.1,2,aryandyalullonare
2768,16654827,"ADITYA KUMAR MISHRA","2026-08-03 20:07:22",274.0,1,aditya1kumarmishra
2769,16623408,shige,"2026-08-07 06:28:19",273.8,1,shimishige
2770,16666414,salyamq,"2026-08-05 16:41:38",272.4,1,salyamq
2771,16660146,4Solver,"2026-08-08 02:06:19",271.9,2,msfbiolinhares
2772,16654256,"KONGARA PRASANTH","2026-08-04 03:40:27",271.1,2,prasanth2008
2773,16632724,"Sayan Dutta","2026-08-04 07:47:42",270.8,1,sayan1507
2774,16658440,"Gloria Lourelynn S","2026-08-04 15:16:09",270.5,1,glorialourelynn
2775,16659840,"Dasari Giri Gabrelu","2026-08-05 13:41:11",270.4,2,giridasari
2776,16649314,"Yuka,Ota","2026-08-06 02:36:05",270.3,1,yukaika
2777,16661447,"Sibel Özbek","2026-08-04 20:50:27",269.7,1,sibelzbek
2778,16660978,"Maksym Khavil","2026-08-04 13:43:48",269.6,1,maksymkhavil
2779,16630041,"Devi prashad tripathi","2026-08-03 17:56:58",269.6,1,deviprashadtripathi
2780,16674390,yangluo1,"2026-08-08 01:31:08",269.5,2,yangluo1
2781,16659493,"Ori Glisko","2026-08-05 21:33:40",269.0,1,origlisko
2782,16669473,"William Bickelmann","2026-08-05 17:47:13",268.5,1,williambickelmann
2783,16685093,"Huzaifa Inam","2026-08-07 13:47:15",267.0,2,huzaifainam
2784,16674012,ahankesumah,"2026-08-06 11:22:53",266.9,1,ahankesumah
2785,16662803,"Ashish Gawade","2026-08-04 19:11:19",266.8,2,ashishgawade
2786,16684191,"Patel Aryan D","2026-08-07 14:20:53",265.2,2,patelaryand
2787,16635248,eosphor,"2026-08-01 09:46:59",264.8,2,eosphor
2788,16663674,"Mason Mahar","2026-08-08 06:28:47",263.7,2,masonmahar
2789,16688153,"Panchajanya Banerjee (Pancham)","2026-08-08 00:07:04",263.3,1,delayedkarma
2790,16664586,"Owen Lim","2026-08-05 05:42:25",263.3,2,owenlim45
2791,16656210,"Sanjay Suthraye","2026-08-04 14:55:13",262.7,2,sanjaysuthraye96
2792,16663438,"Varun Prajapati","2026-08-05 06:40:59",262.5,1,"krunalasari,varun2206"
2793,16677403,bababoy,"2026-08-06 17:14:29",262.4,1,adrienrenard
2794,16633003,"K Mukhiya ","2026-08-01 12:09:51",262.2,2,kmukhiya
2795,16656235,"Zain Ul Abideen Samo","2026-08-06 15:22:02",262.1,2,zainulabideensamo
2796,16656515,"Rushal Manandhar","2026-08-06 04:15:01",262.0,1,rushalmanandhar
2797,16633414,"sagar tripathy","2026-07-31 22:04:53",261.9,1,sagar8trip
2798,16661846,"Jeffrey Pike","2026-08-08 04:07:47",261.4,2,jeffreypikeai
2799,16669142,"Jaclyn Agee","2026-08-07 15:21:06",261.3,2,jaclynagee
2800,16633466,"Aarush pandey","2026-08-02 19:49:05",261.1,2,aarushpandey
2801,16657227,"Anusha Marla","2026-08-04 07:05:53",260.9,2,anushamarla
2802,16658635,"Deepak Kumar ","2026-08-05 02:38:29",260.6,2,deepak2026ml
2803,16661160,"Roobhasridevi P","2026-08-04 14:31:22",259.9,1,roobhasridevi
2804,16641277,Zenieverse,"2026-08-05 08:06:17",259.8,2,zenieverse
2805,16656771,"thushara bandara","2026-08-07 04:13:43",259.7,2,dushyanthibandara
2806,16657344,"Ombayo fredrick","2026-08-04 14:04:04",258.9,2,ombayofredrick
2807,16658522,"Amna khanii23","2026-08-07 05:15:47",258.8,2,amnakhanii23
2808,16658969,"Yuri Maslov","2026-08-04 10:11:45",258.2,1,yurimaslov
2809,16656308,"Srishanth Sriramula","2026-08-04 05:15:11",258.1,1,srishanthsriramula
2810,16629426,"Abdullah Qureshi","2026-07-31 10:00:44",257.6,2,abdullahqureshi120
2811,16622251,"Moroz Roman","2026-07-30 20:04:59",256.7,2,crissyro
2812,16668495,Herisitraka,"2026-08-05 17:16:28",256.0,2,herisitraka
2813,16623953,"Denuwan Wijesinghe","2026-08-01 07:57:04",255.9,2,denuwanwijesinghe
2814,16681895,Akshar,"2026-08-07 06:16:19",255.7,2,aks0625
2815,16683577,"Ankush Kumar M","2026-08-07 13:19:05",254.4,2,ankushkumarm
2816,16625029,Hilarus,"2026-08-01 15:59:02",254.2,2,hilagbag
2817,16662630,"M.mohamed Muhasir","2026-08-05 18:25:39",253.8,2,mmohamedmuhasir
2818,16662230,"Angus Mc Gregor","2026-08-07 10:13:08",253.7,2,angusmcgregor
2819,16659444,"ANKIT AGARWAL","2026-08-04 10:28:58",253.5,2,ankwall223
2820,16683220,Kongali,"2026-08-07 12:15:30",252.9,2,kongali
2821,16656382,Aevion-Labs,"2026-08-07 05:36:18",251.6,2,aevionlabs
2822,16670547,"Maduako Prince","2026-08-05 22:53:03",251.5,2,maduakoprince
2823,16683136,"Stefano Ciaci","2026-08-07 12:37:11",250.6,1,stefanovcciaci
2824,16674950,"Davide Tonini","2026-08-07 08:19:29",249.7,1,quanttony
2825,16681610,"team maccy","2026-08-07 20:27:06",249.1,1,robertgama
2826,16668152,ksew364,"2026-08-07 16:02:09",248.4,1,ksew364
2827,16665050,"Praneeth Palugula","2026-08-07 05:33:33",248.3,2,praneethpalugula
2828,16662557,"Naman Sudershan","2026-08-05 13:21:08",248.1,2,namansudershan
2829,16660484,"Waiswa Geoffrey","2026-08-07 08:42:46",247.5,2,waiswageoffrey
2830,16670462,"Talha Kayar","2026-08-08 00:03:33",247.1,2,talhakayar
2831,16664875,SaiSujitPunukollu,"2026-08-05 05:46:11",245.6,1,saisujitpunukollu
2832,16660099,Desireog71,"2026-08-07 09:50:58",245.1,2,desireog71
2833,16655621,xia0910,"2026-08-06 11:52:34",244.8,2,xia0910
2834,16676026,"Bedashree Swarupa Das","2026-08-06 14:14:21",244.3,1,ashokkumardasbedashr
2835,16680789,"Marouane Alahyane","2026-08-07 23:22:08",243.7,1,marouanealahyane
2836,16662662,"Joaquim Jose1","2026-08-04 17:57:03",242.7,1,joaquimjose1
2837,16659415,PincheCabrón,"2026-08-04 20:56:51",241.7,1,pinchecabrn
2838,16656164,"Justin Schomer","2026-08-08 00:55:32",240.8,2,fathersecurity
2839,16657306,"Krunal Chavda","2026-08-07 21:38:11",240.7,2,krunalchavda21
2840,16663864,RamónLópez,"2026-08-08 03:38:42",240.0,2,lopeznomar
2841,16654559,"Kerem Ali AVCIOĞLU","2026-08-03 19:28:49",238.8,2,keremaliavciolu
2842,16656954,"Marwan Elmetwally","2026-08-04 05:56:29",238.8,2,marwanelmetwally
2843,16624973,"Mrunmayee Kulkarni","2026-07-31 06:16:46",238.7,1,kulmrun
2844,16661570,"sissoko cheick","2026-08-08 06:46:53",238.6,2,sissokocheick
2845,16663265,"Darlington Ayakazi","2026-08-04 20:26:08",238.4,1,darlingtonayakazi
2846,16662083,ihabkaggle,"2026-08-07 00:42:33",238.0,2,ihabkaggle
2847,16659871,"Abel Kpoton","2026-08-04 20:41:20",236.5,2,abelkpoton
2848,16658297,"Charishma Pillapalem","2026-08-06 14:25:47",236.1,1,charishmapillapalem
2849,16666706,baijiachang,"2026-08-05 11:04:21",235.6,1,baijiachang
2850,16677441,"ERREGUI YOUSSEF","2026-08-06 18:02:39",235.2,2,erreguiyoussef
2851,16665360,"Ayush Bhadauria","2026-08-05 09:34:19",235.0,1,ayushbhadauria50
2852,16630725,"vaibhav vyas","2026-08-06 10:56:52",234.4,2,vaibhavvyas0
2853,16654124,"Aditya Kumar Singh","2026-08-05 09:57:29",232.8,2,adityq121608
2854,16660450,"prashant prakash","2026-08-07 13:58:15",232.4,2,prashantprakash28
2855,16669060,Twansss,"2026-08-07 17:32:51",230.2,1,twansss
2856,16661419,"Shivansh Soni","2026-08-04 15:08:01",229.8,2,shivanshsonii
2857,16661500,"yagnit sutariya","2026-08-04 15:34:39",228.2,1,yagnitsutariya
2858,16662859,"Mohamed Zahran","2026-08-05 04:41:56",227.6,1,zrnking2012
2859,16634761,"CHARHBILI Moad","2026-08-07 13:44:23",227.4,1,charhbilimoad
2860,16659036,"Mohammed Kaif","2026-08-04 10:41:22",226.8,2,mkaif001
2861,16662023,"Vikas Kumar","2026-08-06 17:08:52",226.5,2,vikshit104
2862,16664199,SomyaSingh_07,"2026-08-07 14:23:03",225.1,1,somyasingh07
2863,16668819,"ahmedou sidi med","2026-08-05 19:39:59",224.0,2,ahmedousidimed
2864,16688364,"Om Raval08","2026-08-08 03:19:35",223.6,2,omraval08
2865,16662269,"KAMLESH KUMAR POKHARNA","2026-08-06 17:25:51",223.6,2,kamleshkumarpokharna
2866,16630784,"🚜 Sub-Par Seedlings","2026-08-07 11:00:36",223.3,2,"dwellement0baser,michaellist,oneupkiwi,wilhelmberghammer"
2867,16629441,Sofia_Gilka,"2026-08-01 07:45:58",222.1,2,sofiagilka
2868,16655573,"Probablyaphilosopher ","2026-08-07 06:03:00",221.0,2,probablyaphilosopher
2869,16660285,"Sawan Kohli","2026-08-06 13:11:44",220.1,2,sawankohli
2870,16654556,anjipoo,"2026-08-05 15:33:04",219.4,2,anjana0812
2871,16676428,wayzhengong27,"2026-08-08 06:34:59",218.9,2,"kkkuek,wayzhengong27"
2872,16661152,"Dr.Abdulbaset Musleh","2026-08-07 16:00:39",218.9,2,drabdulbasetaledresi
2873,16671232,"sms tcil","2026-08-07 13:03:30",218.8,1,smstcil
2874,16665223,"Sawon Mitra","2026-08-07 11:11:17",218.6,2,sawonmitra
2875,16623660,"Taylor S. Amarel","2026-07-31 23:36:48",216.7,1,taylorsamarel
2876,16674328,daniel,"2026-08-06 09:34:23",216.7,1,dkamgamegasoft
2877,16664458,"Prantik Chandra","2026-08-05 05:47:10",216.1,1,prantikchandra
2878,16662334,"Andres Beltran","2026-08-04 22:58:11",215.9,2,andresbeltran05
2879,16661098,"Muhammad aufa azmi","2026-08-04 15:18:35",215.3,2,muhammadaufaazmi
2880,16634352,"sovit karki","2026-08-03 10:25:41",214.5,2,sovitkarki
2881,16644702,cracker_1_war,"2026-08-05 23:15:26",213.8,2,cracker1war
2882,16662495,Earth,"2026-08-04 17:16:58",213.6,1,earthearth
2883,16679713,"John william Vicente 🇧🇷","2026-08-07 00:38:57",212.8,1,chrollo079
2884,16623094,"Claudia Arias Gonzalez","2026-08-04 21:04:03",212.7,2,claudiaariasgonzalez
2885,16656240,"SACHIN KUMAR","2026-08-08 03:33:43",211.7,2,sackm123
2886,16636855,"Wynn Koo","2026-08-01 14:03:04",211.1,1,yongfenggg
2887,16667231,bettsy,"2026-08-05 12:12:35",210.1,2,bettsy
2888,16660886,"Dr.Eldirdiri Fadol ","2026-08-05 05:30:48",209.2,2,dreldirdirifadol
2889,16662455,"Nenavath Shashi","2026-08-04 18:04:52",209.0,2,nenavathshashi
2890,16667886,"Ubaid ur rehman 0345","2026-08-05 15:23:12",208.6,2,ubaidurrehman0345
2891,16666072,Abinash,"2026-08-05 15:07:52",208.5,2,abinashsinha1726
2892,16621519,Ᏸ𐍂Ꭷ,"2026-07-30 17:30:30",206.4,2,dheerajkannaujiya
2893,16656815,"Atharva S. Naladkar","2026-08-06 06:46:40",206.4,2,atharvasnaladkar
2894,16662123,hannhu40022,"2026-08-04 18:45:07",206.4,2,hannhu40022
2895,16658014,Bharath,"2026-08-07 17:24:46",206.0,2,pes2ug23cs121
2896,16662714,"Amilcar Rodriguez","2026-08-08 01:39:45",206.0,2,amilcarskt
2897,16657628,Hamo,"2026-08-07 12:00:21",205.4,2,mohamed2223
2898,16665353,Sakshamm2587,"2026-08-07 21:40:14",203.3,2,sakshamm2587
2899,16660340,"pawan sondhiya","2026-08-07 06:22:38",203.0,2,pawansondhiya
2900,16658666,"VMax Agents","2026-08-04 10:57:49",202.9,1,"akhiildheep,mithun5353"
2901,16633511,"joshan gladston","2026-08-01 01:19:57",202.6,2,joshangladston
2902,16657303,"Tejas Tiwari","2026-08-04 07:32:17",202.4,1,tejaat
2903,16655748,revathip,"2026-08-06 06:00:14",202.0,2,revathiprakash
2904,16658695,"Muskan Zahid","2026-08-04 14:14:02",201.0,2,artificial52
2905,16662547,"hiteshsinh solanki","2026-08-05 07:59:16",200.5,2,hiteshsinhsolanki2
2906,16668691,BeltusTebid,"2026-08-05 16:01:45",199.5,1,beltustebid
2907,16675385,Apex🦾,"2026-08-07 10:30:25",197.5,2,"raghadabdullara,renadahmadalamri,zzainh"
2908,16621770,"Rudraksh Zodage","2026-07-30 20:07:49",196.1,2,rudrakshzodage
2909,16662295,"benja cooper","2026-08-04 17:41:28",195.9,2,benjacooper
2910,16679410,"Leke Glean","2026-08-07 17:29:04",195.1,2,lekeglean
2911,16683421,"Ruchita Yadav","2026-08-07 13:22:45",194.5,2,ruchitayadav20
2912,16679250,srskat,"2026-08-07 17:51:31",194.5,2,srskat
2913,16632111,"Arda Çiftçi","2026-08-04 20:03:37",193.4,2,ardaciftci
2914,16659308,Attaerabi,"2026-08-05 07:52:52",193.2,2,attaerabi
2915,16674774,"Dine ALASSANE","2026-08-07 05:53:28",192.7,2,dinealassane
2916,16674878,KirillKlem,"2026-08-07 15:11:26",191.9,1,kirillklem
2917,16621500,"Egor Tkachenko","2026-08-07 13:45:54",190.4,2,egortkachenko
2918,16663343,"Abdullah M. Haque","2026-08-07 22:12:30",190.2,1,abdullahmhaque
2919,16688288,"Ojo Oluwadamilare","2026-08-08 01:43:30",189.8,2,ojooluwadamilare
2920,16668599,"Hafsa Anwaar","2026-08-05 17:43:21",189.7,2,hafsaanwaar
2921,16662243,"Cepeda Braxton","2026-08-04 19:31:54",189.1,2,cepedabraxton
2922,16625663,sota1111,"2026-08-04 13:06:40",188.3,2,sota1111
2923,16687620,Goktug1,"2026-08-07 21:14:54",187.8,1,goktug1
2924,16658100,"Nanda Riansyah","2026-08-04 08:55:54",186.9,2,nandariansyah
2925,16667339,"Victor Chege","2026-08-05 15:02:17",185.3,2,victorchege0
2926,16673981,"Aarya Jadhav","2026-08-06 09:18:52",185.2,1,aaryajadhav0310
2927,16667489,"Cornol Lieto","2026-08-05 12:31:14",184.9,1,lietocornol
2928,16655737,Dharshini,"2026-08-06 02:48:50",184.4,2,dharshini1812
2929,16680428,"Surabhi veda","2026-08-07 01:49:35",184.3,1,surabhiveda
2930,16653934,"Ayomide Abdulrahmon","2026-08-03 19:22:32",184.2,2,ayomideabdulrahmon
2931,16663897,jayaBhavagan,"2026-08-05 19:34:36",183.7,1,jayabhavagan
2932,16656643,"Willetta Dettore","2026-08-05 15:33:52",183.6,2,willettadettore
2933,16679979,Pranav6657,"2026-08-07 02:40:48",183.0,1,pranav6657
2934,16669011,"Siddiqui Rehan Ahmed Furqan","2026-08-07 05:24:38",181.3,2,siddiquirehanahmed
2935,16633342,farm75,"2026-08-03 14:03:14",181.2,2,sakthi75
2936,16657568,"Manpreet Singh","2026-08-07 18:21:24",179.3,2,manpreet1994
2937,16657378,doteeee,"2026-08-05 07:23:43",179.1,1,narendra
2938,16670552,"Harsh Chaudhary ml","2026-08-05 22:16:25",179.0,1,harshchaudharyml
2939,16660342,"Adapa Gopireddy","2026-08-04 12:49:43",177.9,1,adapagopireddy
2940,16657561,Roshdibenrojo83,"2026-08-04 07:19:05",176.1,2,roshdibenrojo83
2941,16659582,"Srikanth Adivanna","2026-08-04 11:25:45",175.7,1,srikanthadivanna
2942,16658391,"Jack #2","2026-08-05 09:47:46",175.0,2,jack1233
2943,16654509,"Shruti Kondabathula","2026-08-07 18:17:56",174.0,2,shrutikondabathula
2944,16664179,"Adam Basa","2026-08-06 01:59:36",172.3,2,adambasa5
2945,16624246,"xu j1ayang","2026-08-08 05:15:18",171.9,1,xuj1ayang
2946,16654087,Gabriela_Fernandes4,"2026-08-04 19:12:33",170.0,1,gabrielafernandes4
2947,16670724,"Neel Patel","2026-08-08 00:30:39",167.8,1,n33lpat3l
2948,16656685,"Shravani Hibare","2026-08-05 10:15:36",167.6,2,shrahib4725
2949,16664822,"Prateek Singh","2026-08-05 05:30:22",164.7,2,pra73ek
2950,16657055,RedKiwi,"2026-08-05 05:57:34",164.7,2,tnmthai
2951,16675209,lavica,"2026-08-07 11:58:45",164.2,2,lavica
2952,16649108,"Steve AVOMO","2026-08-05 05:45:40",163.6,1,aurelsteve77
2953,16641109,zzgtylors,"2026-08-06 06:21:50",163.3,2,zzgtylors
2954,16655315,SL,"2026-08-08 05:27:23",162.8,2,xndr007
2955,16665988,"Ronel maamoc","2026-08-05 15:51:24",162.8,2,ronelmaamoc
2956,16659451,anero98,"2026-08-06 03:44:50",162.6,2,anero98
2957,16679847,"Julio Contreras","2026-08-06 23:21:11",161.5,2,juliocontreras
2958,16675956,"Hassan Alghamoudi","2026-08-07 03:05:31",160.7,2,hassanabdulhafid
2959,16659817,"Viet Anh Ngo ","2026-08-04 10:55:41",159.0,1,vietngogm
2960,16626159,"Cảnh Đinh Tiến","2026-08-02 09:17:36",158.6,2,tourist110406
2961,16685888,LeulYT,"2026-08-07 17:00:04",158.5,2,leulyt
2962,16666054,Ani,"2026-08-07 04:11:40",158.0,2,anirudhk333
2963,16659041,"uma mahesh23","2026-08-04 11:50:03",154.8,2,umamahesh23
2964,16687648,"RSJ CorneR","2026-08-08 00:11:01",154.7,2,rsjcorner
2965,16667734,SuroRitch,"2026-08-07 10:14:13",153.7,2,suroritch
2966,16640077,larry54321zhao,"2026-08-08 03:38:22",153.3,2,larry54321zhao
2967,16657462,Raghavan9944,"2026-08-08 06:05:38",153.0,2,raghavan9944
2968,16659097,noril09,"2026-08-04 11:56:35",152.4,2,noril09
2969,16638998,"khalid harouach","2026-08-08 01:09:03",151.6,2,khalidharouach
2970,16640594,Win2207,"2026-08-07 12:05:07",149.9,2,win2207
2971,16656753,"TAMAL SINGHA ROY","2026-08-05 07:57:48",149.5,2,tamalsingharoy
2972,16633932,omikbop,"2026-08-02 12:36:52",145.8,2,omikbop
2973,16662715,"Great Okwuma","2026-08-05 10:59:35",142.1,2,greatokwuma2
2974,16656420,"Aditya Raj #2","2026-08-07 09:29:18",142.0,2,optimus2005
2975,16665079,"Maguluri Keerthi","2026-08-05 06:16:03",141.5,2,magulurikeerthi
2976,16659675,"M.Athallah Rafif Aldera","2026-08-06 12:40:14",140.7,2,mathallahrafifaldera
2977,16625770,"Đức Trung Trần","2026-08-03 07:26:52",138.3,1,ctrungtrn
2978,16667177,"Raunak Phull","2026-08-08 02:05:46",137.1,2,raunakphull4
2979,16626218,"Srishti Gauraha","2026-08-08 05:40:23",136.9,1,srishtigauraha
2980,16658898,"SRI shiva","2026-08-07 17:21:07",134.5,2,srishiva
2981,16633250,Myst19,"2026-08-03 13:25:15",132.7,2,jakeschweikhart
2982,16662933,"Marcelo Pereira","2026-08-07 11:10:14",132.3,2,marcekkusrp
2983,16683041,Abhishektyagi649,"2026-08-07 08:37:09",132.1,2,abhishektyagi649
2984,16659057,"Jolvin James","2026-08-07 08:04:22",131.2,2,jolvinjames
2985,16624064,"Hemant Ahlawat","2026-07-31 15:52:56",129.6,2,happyahlawat
2986,16665345,saurabh10june,"2026-08-05 11:53:47",129.0,2,saurabh10june
2987,16624666,"Avik Das","2026-08-01 06:38:21",128.4,2,avikdas567
2988,16632413,"Varun Patil","2026-07-31 18:41:34",128.4,1,varunpatil262005
2989,16652764,hikahika,"2026-08-06 11:36:53",128.2,2,naganohikaru
2990,16623461,MightyK,"2026-08-05 17:41:29",127.6,1,anhhkhoi
2991,16677312,"Kavuri Sravya","2026-08-06 17:26:57",127.4,1,kavurisravya
2992,16656777,"Salam Alqerem","2026-08-07 13:18:17",127.3,2,salamalqerem
2993,16682422,"SABBIR HOSSAIN 2029","2026-08-07 20:46:07",120.3,2,sabbirhossain2029
2994,16684436,Simon-the-sorcerer,"2026-08-08 01:02:52",119.9,2,simonwiller
2995,16666836,"Emir Ayvaz","2026-08-07 05:57:00",118.1,2,emirayvaz
2996,16644474,"Vihaan Ahluwalia","2026-08-05 13:16:21",111.4,2,vihaanahluwalia
2997,16655891,"Yukihito Ikoma","2026-08-08 06:44:59",98.8,1,yikoma
2998,16659309,irisV11,"2026-08-07 07:54:35",98.1,2,irisv11
2999,16652904,TonightIsOver,"2026-08-06 00:10:12",91.0,2,tonightisover
3000,16685652,LeonDuue,"2026-08-07 22:52:24",84.5,2,leonduue
3001,16663694,"Dimitri ZABRE","2026-08-07 19:51:35",82.8,2,dimitrizabre
3002,16644439," علي ساجد","2026-08-02 21:40:07",81.4,2,jdvdjdv97171ushd
3003,16668701,"Nihal Jamadar","2026-08-07 01:52:40",80.9,2,nihaljamadar313
3004,16673732,"Async Null","2026-08-06 16:55:26",76.1,1,asyncnull
3005,16636333,xiaoyang66,"2026-08-01 12:56:01",74.3,1,kennethhao8
3006,16672095,"Friaseus ","2026-08-06 19:13:41",70.7,2,friaseus
3007,16660261,"YO_ONE CHAUHAN","2026-08-06 00:25:47",54.6,2,yoonechauhan
3008,16665495,"sai chand Boppudi","2026-08-07 04:19:58",53.1,2,saichandboppudi
3009,16659881,SantosR,"2026-08-07 11:15:48",42.6,2,santosr
3010,16662922,BrandonDucar,"2026-08-05 16:38:12",27.0,2,brandonducar
3011,16659501,Duckey,"2026-08-04 13:02:16",21.4,2,bokangletsapo
3012,16675801,"Neeraj Jha","2026-08-06 13:43:18",14.1,1,neerajjha1996
3013,16657674,"karthik Reddy Karri","2026-08-04 13:49:20",6.6,2,"karthikreddykarri,kovvurisaimohanreddy"
3014,16657035,"Christvin Mathew","2026-08-04 08:55:56",4.3,2,christvinmathew
